date,open,high,low,close,volume,delivery_qty,delivery_pct
2022-01-03,38283.55536727631,38878.764358434004,38244.25040452662,38764.44921875,9614,,
2022-01-04,38784.056229032205,39078.79537429303,38594.63470898809,38793.38671875,13843,,
2022-01-05,38609.322513462794,39387.08668867277,38548.75571037678,39031.2109375,13700,,
2022-01-06,38784.06165644043,39967.94632238794,38660.98574649645,39834.92578125,27571,,
2022-01-07,39850.96928920967,42048.969051022876,39778.5155644316,41755.26953125,61016,,
2022-01-10,41767.45103463093,41910.46430234588,41126.92133473202,41327.37890625,14317,,
2022-01-11,40939.19640580541,41716.8678760325,40939.19640580541,41329.02734375,15467,,
2022-01-12,41407.73607401354,42194.35709039987,41199.18370470518,42059.109375,18045,,
2022-01-13,42098.9427205201,42766.65373554747,41721.472157841534,42042.44921875,27112,,
2022-01-14,42013.69514494021,42335.426872116426,41510.732889982595,42248.29296875,16004,,
2022-01-17,42240.99222141227,43188.09967032286,41956.859986739095,42099.3515625,17938,,
2022-01-18,42226.7440754026,42335.47276735906,41199.18042897598,41360.140625,19700,,
2022-01-19,41483.21949467763,41568.555375064076,40962.643246989406,41095.37890625,15018,,
2022-01-20,41051.816987306906,41538.064341434336,40846.43888495909,41355.74609375,14464,,
2022-01-21,41246.544948052964,41246.544948052964,40026.71818933926,40289.91796875,13851,,
2022-01-24,40308.85712012328,41862.1619013712,37580.28782996623,37804.375,24258,,
2022-01-25,37883.363400936694,39281.34255402377,37211.67531554539,39135.0625,21311,,
2022-01-27,38973.48743728888,39051.67192905037,37128.047819511055,38646.12109375,27190,,
2022-01-28,39073.87321647298,40868.12056445833,39068.049984279976,39628.16796875,23372,,
2022-01-31,40157.31416802001,40725.53063304228,39848.179727056064,40182.03515625,18628,,
2022-02-01,40630.91606201646,41009.759102221746,40205.805335670484,40906.19140625,13865,,
2022-02-02,41160.26081214994,41545.11953833184,40809.87902893701,40935.0859375,10815,,
2022-02-03,40725.63103593035,41434.77792518972,39991.67066489791,40212.8203125,18463,,
2022-02-04,40212.81949026166,40370.228046607575,39349.48274540977,39486.19921875,14639,,
2022-02-07,39636.45455009456,39716.95869912104,38357.85924202699,38561.9609375,10597,,
2022-02-08,38736.70722997643,39235.455654265206,38263.153351859364,38721.7421875,31879,,
2022-02-09,39209.30804212066,40271.015675522845,38894.72772854674,40171.90234375,22580,,
2022-02-10,39921.54048560792,40374.20991424289,38168.44396503046,38787.37890625,52366,,
2022-02-11,38738.698387667704,39304.97264625019,37589.61988012402,37698.015625,43217,,
2022-02-14,37614.3322723229,37742.239900546076,36884.82260398173,37059.66015625,19164,,
2022-02-15,37262.681123057395,39304.97877093028,37218.64060467551,39127.6328125,34400,,
2022-02-16,39020.84034911475,39447.03884807353,38838.522102337934,39088.41796875,14332,,
2022-02-17,39685.26625160163,40922.3452450427,39400.632906473766,40099.3046875,46013,,
2022-02-18,39875.23408428159,40092.552101078676,39183.63483098987,39397.0625,13957,,
2022-02-21,39305.49546908034,39752.429333623084,38679.027048787844,38944.53125,18653,,
2022-02-22,37596.65489457994,39068.0000079483,37596.65489457994,38709.02734375,18106,,
2022-02-23,40777.07069819866,40777.07069819866,38849.201467140796,39056.6953125,30588,,
2022-02-24,38356.089639278725,38910.02108814858,37743.721376473404,38163.07421875,29126,,
2022-02-25,38356.08077219743,39763.24426687902,38356.08077219743,39378.21484375,23347,,
2022-02-28,39329.71014728146,40349.7528535751,38403.562430327576,40118.3828125,26868,,
2022-03-02,39919.76503678732,40017.50586546049,38998.078850257254,39493.33984375,22523,,
2022-03-03,40348.89608339768,40348.89608339768,39419.566452667925,39711.3203125,22708,,
2022-03-04,39286.507233893346,39467.74775699104,38337.09913254261,38922.171875,21161,,
2022-03-07,38355.146214922774,38355.146214922774,37622.44035360525,37894.96875,22782,,
2022-03-08,37710.492773302765,38261.05309144459,37039.97324860123,37515.29296875,35251,,
2022-03-09,37852.899719183835,38165.72967798672,37458.895370463964,37975.5625,29402,,
2022-03-10,38545.97162900155,39196.316224219925,38403.560403771255,38926.2578125,17887,,
2022-03-11,38688.383744089384,39495.38070562254,38582.99943499506,39389.85546875,10969,,
2022-03-14,39258.02642854366,39718.86765436587,38842.70858112326,39577.69140625,14668,,
2022-03-15,39518.587232828206,39518.587232828206,38882.057346339796,39144.7578125,22771,,
2022-03-16,39347.270225116656,40413.4073344507,39264.43436643648,40212.1328125,24233,,
2022-03-17,40283.388607514986,40919.44386856159,39923.18463167486,40515.140625,32302,,
2022-03-21,40824.53674790967,40918.52812321299,39548.48441046322,39710.12109375,17924,,
2022-03-22,39709.9455506154,39833.17947104443,38714.01639452599,39675.86328125,23776,,
2022-03-23,39709.9512729027,40194.10129031334,39600.958459113936,39898.45703125,17247,,
2022-03-24,39770.70590396301,40076.367104605575,39079.15851702774,39289.87890625,17977,,
2022-03-25,39561.83387559575,39612.81634671255,38300.49705526685,38398.5234375,18484,,
2022-03-28,38470.020146171766,38640.77269386909,37929.42860219783,38155.48046875,10811,,
2022-03-29,38458.39621529493,38981.75756994142,38271.266345448326,38741.60546875,12043,,
2022-03-30,39115.61944157534,40112.49809239218,38986.785485285436,39830.23828125,17190,,
2022-03-31,39827.66610313559,41414.93537143727,39685.44404121393,41004.31640625,37837,,
2022-04-01,41004.32405991855,41088.82138875785,40612.45582982393,40964.58984375,13199,,
2022-04-04,40966.01810209492,41664.78260007035,40770.866487327774,41501.484375,17974,,
2022-04-05,41501.47279881155,42220.174670307446,41284.58127826016,42089.96484375,11661,,
2022-04-06,41774.01124056419,42533.48962894331,41707.88273073111,42176.2265625,14615,,
2022-04-07,42153.72081092448,42165.491988241294,41318.241659716965,41877.25390625,21768,,
2022-04-08,41963.83475059392,42865.772375323875,41704.598147360986,42708.07421875,16170,,
2022-04-11,42708.08180649825,43452.03955132215,42518.20016755655,43377.9375,16302,,
2022-04-12,43298.22224073632,43672.2889555591,42286.20162544263,42377.4375,22716,,
2022-04-13,42533.48238822757,42904.17803486151,42053.08189518197,42549.71875,15207,,
2022-04-18,42452.778907274595,43102.55226189098,42110.851098016225,42985.5859375,11027,,
2022-04-19,43008.18644855944,44147.47615580605,42590.30596147242,43139.015625,25382,,
2022-04-20,42957.87163699268,43512.22958618634,42732.672759907844,42839.0546875,10866,,
2022-04-21,42914.200270386784,43672.77742611429,42914.200270386784,43496.1875,11665,,
2022-04-22,43435.22979650625,43672.77095243991,43236.091455043774,43551.625,8154,,
2022-04-25,43322.544335110695,43382.401558448524,42495.51332403372,42596.484375,27997,,
2022-04-26,42837.29209954095,44373.14879197874,42753.31769751148,44208.0,15222,,
2022-04-27,43873.107738840394,44202.45600057187,43339.25470044228,43465.57421875,14943,,
2022-04-28,43938.60078587744,44023.95107880282,43084.37096614768,43542.08203125,21684,,
2022-04-29,43625.25549470806,43908.227330444555,43148.27433218838,43272.8359375,13644,,
2022-05-02,43150.600731552586,43472.30916897173,42723.36706094315,43288.69140625,17293,,
2022-05-04,43482.89603014934,43844.62055826041,42794.57507770702,43051.01171875,23209,,
2022-05-05,43387.95204881065,43923.79652020395,43198.07042058829,43409.41015625,24085,,
2022-05-06,43103.03320289125,43198.07044131236,42446.565685129644,42639.34375,19910,,
2022-05-09,42618.93535863441,42618.93535863441,40257.70888325604,40463.73046875,25921,,
2022-05-10,40217.22203621501,40444.746256860664,38359.94200851583,38773.02734375,46096,,
2022-05-11,38925.7333333084,40014.13333018271,38462.51859009224,39671.58984375,23731,,
2022-05-12,39589.36717814371,39663.56193549007,38569.89204912182,38845.03125,16682,,
2022-05-13,39466.891704757676,40814.95467960894,39294.670572012314,39673.484375,25039,,
2022-05-16,39699.68888070085,40444.785100043635,39631.80620148365,40249.20703125,12900,,
2022-05-17,40249.20915271872,40728.660268964486,39694.42101624232,39957.7890625,20576,,
2022-05-18,40433.16389338826,40900.51013559453,40173.927211725124,40745.66015625,22669,,
2022-05-19,40255.85941606895,40444.791658794304,39495.52433168087,39748.58984375,23043,,
2022-05-20,40349.84178112499,40740.997894391425,40114.48501098586,40414.97265625,17876,,
2022-05-23,40411.55903132545,40895.70898918975,39876.09281979796,40050.6875,11852,,
2022-05-24,40252.05407404267,41154.94115153435,39884.63314976373,40767.9609375,16912,,
2022-05-25,40759.9937369441,41289.76352417076,39023.240536843085,39313.5703125,15654,,
2022-05-26,39675.7674901323,40379.2789452696,38514.45215638651,39664.66015625,50699,,
2022-05-27,40966.962013467295,42894.26057400817,40758.47049854179,42193.73828125,90562,,
2022-05-30,42377.83028382916,43096.484039352246,42296.13297101189,42763.52734375,20521,,
2022-05-31,42542.976735651304,43739.23093531479,42542.976735651304,42907.59765625,70757,,
2022-06-01,43198.079220657426,43671.78576744089,41602.31295027104,41958.4375,29060,,
2022-06-02,41935.31897988365,42024.467192000746,41139.68975928272,41411.17578125,15201,,
2022-06-03,41792.68090910648,42410.634014677504,40063.4433611381,40350.28515625,27518,,
2022-06-06,40528.15393612435,40699.12905763738,39720.63831463951,40060.06640625,16143,,
2022-06-07,39849.250992022295,40152.354914556694,38749.756371064184,39359.0546875,17398,,
2022-06-08,39225.21971514943,39741.75568374498,38909.51612859357,39331.86328125,11206,,
2022-06-09,38987.48459392609,39533.925986705486,38910.412250381945,39475.20703125,8618,,
2022-06-10,39272.762425385525,39400.42267612663,38987.48812205342,39317.12109375,9224,,
2022-06-13,39082.57680746662,39082.57680746662,38226.75395766809,38548.06640625,14184,,
2022-06-14,38512.02688180864,39082.2411224169,37899.68639728963,38036.33203125,52384,,
2022-06-15,38550.06581007833,39653.12640059858,38321.94295479071,38960.8125,29681,,
2022-06-16,39462.953473712674,39556.90457331834,38007.48219063486,38078.80078125,37036,,
2022-06-17,37989.03042787127,38153.06316250977,36845.50756879827,37913.71875,48923,,
2022-06-20,37941.48252916148,38153.53642901118,37275.89077340952,37925.93359375,15474,,
2022-06-21,38084.11744956487,38179.20887890211,36990.944892100364,37306.6484375,26810,,
2022-06-22,37275.83782937969,37302.415139215984,35968.33076266038,37055.890625,24263,,
2022-06-23,37274.896579915454,37370.938942082124,36752.84453209858,36988.43359375,13378,,
2022-06-24,37085.65520699461,38131.66086667908,37085.65520699461,38062.0546875,32477,,
2022-06-27,38654.66692325523,39158.65151044651,38069.4757393277,38218.0078125,20882,,
2022-06-28,38131.66474242164,38320.99327187158,37637.18928940271,38063.72265625,11511,,
2022-06-29,37941.470790279855,39439.44644385634,37589.34657285091,39013.19921875,38176,,
2022-06-30,38895.24680490116,38987.48549008502,38059.441441180745,38194.8984375,52445,,
2022-07-01,38225.810765463844,39557.945360192796,38155.394806084325,39344.84765625,13064,,
2022-07-04,39307.65623028454,40147.933833762254,38906.70472364444,39988.41796875,19858,,
2022-07-05,39994.50661820811,40501.24738915906,39843.31123666563,40269.55859375,14353,,
2022-07-06,40318.759708270016,41622.65243970749,39857.42519708121,41432.18359375,15361,,
2022-07-07,41650.050334315165,42077.96181035265,41439.84996523977,41853.83203125,8650,,
2022-07-08,41853.826387794696,41955.76365388393,41280.139070039666,41436.75390625,11494,,
2022-07-11,41317.224268395534,41553.90534002363,40818.32859165788,41268.82421875,15313,,
2022-07-12,41010.07667214892,41265.87259175399,40841.76485887718,40973.80078125,9906,,
2022-07-13,41174.587539802495,41530.22947374905,40843.76595389477,41364.484375,14653,,
2022-07-14,41364.77168329548,41799.86326030514,41090.05403026449,41540.07421875,6148,,
2022-07-15,41331.49339172569,42347.97257200536,41331.49339172569,42190.64453125,9745,,
2022-07-18,42504.25049428764,42504.25049428764,41650.04349406358,41911.35546875,8279,,
2022-07-19,41935.22224424351,42192.06567140033,41385.928108341286,41603.30859375,11102,,
2022-07-20,41934.851939436914,42315.69317803927,41524.153472800404,41831.48828125,10413,,
2022-07-21,41840.22484017152,43157.24100843601,41611.43339762842,42911.4296875,17165,,
2022-07-22,42915.143027628714,44083.4861597259,42886.23671750749,43116.78515625,14796,,
2022-07-25,43076.413697975346,43932.23648667685,43043.13170063696,43377.6640625,10650,,
2022-07-26,43433.59318949047,44027.246158923546,43377.678672228074,43926.44921875,9522,,
2022-07-27,43926.53519897119,45073.3378454179,43926.53519897119,44937.69140625,16941,,
2022-07-28,45168.431344612705,45976.611959857175,44627.550522788435,45416.14453125,37906,,
2022-07-29,45516.45679282912,46723.73888583124,45513.60405037354,46474.02734375,17420,,
2022-08-01,46510.164366234305,46959.94678215769,46214.430050479175,46806.66015625,15660,,
2022-08-02,46800.201903546826,47403.03332897952,46442.658098366934,46582.91796875,18097,,
2022-08-03,46698.07651953569,46698.07651953569,45168.4341256372,45660.62890625,21040,,
2022-08-04,46119.34942973914,46817.32061492323,45435.78311223292,46620.1953125,16953,,
2022-08-05,46594.849202880876,46783.55740368185,45689.53049650102,45845.1015625,9680,,
2022-08-08,46067.044048465774,46336.104511333666,45841.105321132265,46240.20703125,8967,,
2022-08-10,46071.84654139062,46430.81669289572,45482.32795866174,46012.26953125,11583,,
2022-08-11,46399.671970992466,47021.75933824623,45976.80114161334,46605.35546875,18083,,
2022-08-12,47307.98631498664,47878.534893659846,46227.74767269871,46725.41015625,41032,,
2022-08-16,47160.49590168201,47479.1487543508,46702.96499367107,47240.328125,10480,,
2022-08-17,47526.69829318612,47695.771604245776,46807.807058499275,47061.890625,17362,,
2022-08-18,47033.14103275646,47767.6136123617,46715.52945935085,47643.3203125,12397,,
2022-08-19,47509.17112135925,48197.65798261115,47225.789414555926,47633.84375,16842,,
2022-08-22,47508.22182831347,48060.324906602895,46483.844390229795,46648.50390625,17313,,
2022-08-23,46648.508368278606,47984.022687800265,46189.61127185412,47721.44140625,19135,,
2022-08-24,46984.57873968407,47698.63008831149,46816.53865564042,47413.19921875,25763,,
2022-08-25,47603.43033438558,47838.115245934096,47127.396031041724,47296.9609375,15525,,
2022-08-26,47508.21245983073,47927.122549656895,47358.737723233666,47544.01171875,10970,,
2022-08-29,46936.98405546528,47270.208080199816,46439.1005028834,47023.3359375,11393,,
2022-08-30,47270.205262918644,49031.48379859414,47270.205262918644,48596.578125,30980,,
2022-09-01,48132.832593702566,48987.74192217743,47924.3778997587,48180.484375,18237,,
2022-09-02,48422.207324609655,48422.207324609655,47460.618071800855,47523.40625,12138,,
2022-09-05,47523.40589566503,47638.17850438127,46802.16561420408,47399.875,22649,,
2022-09-06,47426.34978738066,48262.60080997305,47352.56446380653,47469.14453125,13962,,
2022-09-07,47421.204979555085,47638.559263071395,46865.051882233194,47355.98828125,14643,,
2022-09-08,47441.579337731724,48007.29776796946,47055.991546606274,47194.08984375,11425,,
2022-09-09,47285.426251061,47459.654757563316,46441.79700601321,46614.98046875,11381,,
2022-09-12,47165.470047484756,47262.39135751417,46543.434650803865,46727.421875,19795,,
2022-09-13,46936.9784734251,47633.226932393256,45889.703091665106,46060.7890625,30661,,
2022-09-14,45908.74467065647,46361.26358828753,45177.22132556912,45996.23828125,41250,,
2022-09-15,46270.537617772214,47079.795991745596,46270.537617772214,46824.73828125,16367,,
2022-09-16,46746.57035319944,47256.879145649844,45950.49964527049,46473.375,22812,,
2022-09-19,46473.370583682976,46541.82282497597,45556.576915186706,46306.8515625,12353,,
2022-09-20,46470.46245072626,48074.31849773694,46460.9901131656,47941.8359375,29246,,
2022-09-21,47803.45810813561,49126.73668483575,47603.665037324776,48688.78515625,28109,,
2022-09-22,48462.193022097585,51046.4417618663,48177.90386727901,50471.58203125,39159,,
2022-09-23,50471.589494445216,51045.16252973394,49928.28926811504,50534.04296875,36932,,
2022-09-26,50403.64955918319,50403.64955918319,47967.6409101153,48209.41796875,39566,,
2022-09-27,48365.08671157318,48810.9895448766,46842.77730975732,47375.125,26201,,
2022-09-28,47127.3891710836,47831.9198374796,46936.975477463064,47595.6171875,23976,,
2022-09-29,47831.92676794649,48269.878326729435,46628.51204989943,47284.390625,26371,,
2022-09-30,47284.38976306917,48471.954004785,46565.67467307052,48237.6484375,19202,,
2022-10-03,48237.647967522884,48478.85602972584,46841.774107414865,47181.7109375,19154,,
2022-10-04,47840.48925174922,50160.68014722003,47604.852301963,49700.734375,36582,,
2022-10-06,49745.57657001352,51436.97452062001,49745.57657001352,50534.79296875,33655,,
2022-10-07,50507.24383677047,51030.88161453152,49888.39919032559,50891.1171875,17210,,
2022-10-10,50045.48562811694,50546.51172555434,49644.18871587018,49874.11328125,13276,,
2022-10-11,50164.388039403384,50268.35688542638,48464.99426763104,48847.01171875,19818,,
2022-10-12,48847.022796639016,50364.430522810406,48041.810752883495,48568.92578125,12156,,
2022-10-13,48568.92312515421,48929.18438740734,48023.815517099814,48347.66015625,10721,,
2022-10-14,48841.121238109365,49221.948694157,48198.474906028976,48321.578125,9888,,
2022-10-17,48365.08365995139,49025.43991186056,47703.395999643006,48879.15234375,9429,,
2022-10-18,49042.01091497858,49983.606861376706,48975.74544570358,49836.98828125,12610,,
2022-10-19,49836.98126674419,50564.36165278691,49698.02760303082,50364.37890625,13931,,
2022-10-20,50084.52099951168,51515.480111823315,49453.29951483928,51217.29296875,24580,,
2022-10-21,51221.28897154268,51744.07130997275,50269.22040329839,50454.5390625,15601,,
2022-10-24,51178.10781962884,51178.10781962884,50531.27396437092,50671.1796875,1529,,
2022-10-25,50924.57702850487,51007.16897475434,49236.22478722055,49474.00390625,15410,,
2022-10-27,49697.9782609764,50173.96418827582,47984.25487266687,48432.203125,21078,,
2022-10-28,48674.41334938111,49031.53578989694,46662.692279011164,46865.53125,26419,,
2022-10-31,47099.88292888385,48008.96341029332,46675.16363409319,47383.16796875,27490,,
2022-11-01,47614.66381858366,48364.986829800364,46927.45997856327,47879.2421875,26579,,
2022-11-02,47879.24030528022,47879.24030528022,46984.63059314319,47740.859375,12650,,
2022-11-03,47413.00647954058,48079.454361783115,46993.24100817498,47156.234375,16974,,
2022-11-04,47364.46075030055,47603.42996874364,46960.7836641656,47262.96875,13518,,
2022-11-07,47499.32242604326,47717.6808590821,46858.34220580429,47585.72265625,16468,,
2022-11-09,47842.39572843012,47842.39572843012,46960.78026914521,47204.9375,16306,,
2022-11-10,47336.851411277894,47336.851411277894,45894.56415787656,46333.37109375,39154,,
2022-11-11,46333.36279145405,46888.418693057174,44657.86365644357,45281.23046875,39220,,
2022-11-14,44766.272603410376,45128.05872823589,44471.1796382939,44598.66015625,25629,,
2022-11-15,44475.88079835445,44728.08226105209,43847.515576757236,44457.83984375,34739,,
2022-11-16,44452.080539568036,44452.080539568036,43662.05331403963,43992.328125,47189,,
2022-11-17,44138.120769327776,44147.65590019175,43432.521085393826,43772.11328125,22171,,
2022-11-18,43947.41202937867,44195.32539730313,43242.76595670106,43994.5625,20051,,
2022-11-21,44052.301578596096,44636.18676698083,43691.396900078806,44516.94921875,15860,,
2022-11-22,44624.40558593479,44878.040027940326,44328.86499515395,44770.0546875,12032,,
2022-11-23,44993.93984447796,45291.86421478619,44682.04427493703,44850.0078125,13967,,
2022-11-24,45193.6126446013,45193.6126446013,44195.33283481055,44419.93359375,13975,,
2022-11-25,44605.152756146366,45136.68788756797,44420.45801403979,45037.6640625,10744,,
2022-11-28,44815.11456861233,45339.40522327547,44815.11456861233,45126.578125,9588,,
2022-11-29,45196.52260742315,45300.742338030206,44834.284457233414,44903.17578125,9362,,
2022-11-30,44958.13398956162,45291.86351016282,44496.633738215955,45212.38671875,30007,,
2022-12-01,45248.91087237167,45625.5969269377,44972.86885961622,45354.84765625,17810,,
2022-12-02,45292.820282001136,45559.70707652968,45005.90971479576,45329.1953125,10355,,
2022-12-05,45350.12404557274,45663.684529100145,44967.66853010608,45323.6640625,12546,,
2022-12-06,45196.521638937294,45267.08160942846,44625.36728320473,44803.72265625,9315,,
2022-12-07,44803.71568770631,45096.39574782335,43862.549969248794,43985.6015625,12768,,
2022-12-08,44146.70037177587,44266.79459459311,43596.66488313296,43779.12109375,14659,,
2022-12-09,43998.047098304254,44370.963796944816,43560.097833486114,44239.140625,11939,,
2022-12-12,44328.821697603766,44370.7762718067,43778.64466771524,44233.18359375,8388,,
2022-12-13,43861.59844168524,44670.129053245095,43861.59844168524,44604.671875,9971,,
2022-12-14,44605.292821324976,44789.27242253711,42908.08798388129,43246.48828125,48016,,
2022-12-15,43217.98011504754,43384.84490313653,41954.57529094521,41990.33203125,51718,,
2022-12-16,41954.569880620504,41954.569880620504,40908.614593040074,40970.49609375,26021,,
2022-12-19,40905.70882924455,42073.76228648987,40726.68675855246,41953.4296875,19871,,
2022-12-20,41954.57354496142,41954.57354496142,41145.13781931831,41604.82421875,14427,,
2022-12-21,41725.72946036148,41953.52222936578,41112.192256909846,41244.4921875,18613,,
2022-12-22,41477.80715997431,41668.36818457189,40963.67379868417,41377.78515625,17941,,
2022-12-23,40953.38725144621,41430.14379686468,40815.127853274855,41030.95703125,19003,,
2022-12-26,41036.336050202066,41922.14956393764,40619.65089896155,41525.7265625,16795,,
2022-12-27,41792.473033573915,41902.12702396545,41301.6522374518,41584.08203125,8556,,
2022-12-28,41573.21777261115,42621.080203353595,41208.92736366665,42516.2421875,27630,,
2022-12-29,42479.00357576433,42479.00357576433,41006.77952366601,41253.12109375,36774,,
2022-12-30,41601.7821641873,41759.1118469077,40755.062417182984,40845.359375,21609,,
2023-01-02,41067.803606649366,41182.17674243753,39880.67995932458,39972.265625,21542,,
2023-01-03,40181.03750528274,40427.80741268195,39856.84308782199,40206.1640625,16770,,
2023-01-04,40209.64759721499,40414.6044939955,39790.720125092375,40200.015625,23911,,
2023-01-05,40236.349051326455,40414.65601546215,39952.20212452198,40336.37109375,29884,,
2023-01-06,40336.370711679476,40336.370711679476,39484.98029368977,39771.17578125,16269,,
2023-01-09,40038.011143864365,40038.011143864365,39194.15213309228,39473.0546875,16084,,
2023-01-10,39541.99225450335,39594.528583485764,38903.328532824155,39130.64453125,17183,,
2023-01-11,39202.731623618965,39379.418319075274,38828.906124757894,39098.03515625,24460,,
2023-01-12,39275.20844281069,39616.56616610582,38679.31111742643,38749.87109375,19141,,
2023-01-13,38903.334451338815,38903.334451338815,38190.10665306427,38379.140625,16099,,
2023-01-16,38521.92593016928,38841.971084821555,38145.813465122235,38231.484375,14824,,
2023-01-17,38203.45075203669,38545.71348854639,38082.40302512297,38397.5390625,18785,,
2023-01-18,38545.759557663296,38970.12122507239,38397.96505595797,38735.60546875,25444,,
2023-01-19,38782.23625712136,39237.06198167197,38521.92719464271,38762.1640625,7912,,
2023-01-20,38807.987466696155,38948.96588400406,38188.2038830757,38364.890625,20059,,
2023-01-23,38426.57361132304,38830.95996144918,38401.73385292762,38713.9609375,11963,,
2023-01-24,38714.63196286361,38891.840120471024,38188.19594167867,38251.74609375,6841,,
2023-01-25,38245.40278925877,38245.40278925877,37616.084269166255,38002.16015625,10399,,
2023-01-27,38130.99513008897,38341.580022666116,37349.30421742363,38018.2421875,30613,,
2023-01-30,38111.8677308233,38612.41365548547,37675.78077743219,38371.796875,16241,,
2023-01-31,38378.89924955197,38563.7839352031,38114.44092225027,38175.32421875,26189,,
2023-02-01,38340.47360695577,39046.36007505173,38045.17135517861,38566.83984375,13744,,
2023-02-02,38750.773352157565,38784.14631149136,38102.38442795807,38190.6328125,11865,,
2023-02-03,38359.073043392775,38476.16521100319,37854.66455319103,37964.84375,15291,,
2023-02-06,37964.84114938627,37977.66515630381,37287.370057252156,37690.84765625,35378,,
2023-02-07,37750.5298431851,37854.46275099008,37435.490665720885,37621.6640625,44965,,
2023-02-08,37652.316111270215,37667.52389657468,37197.49047347959,37522.3515625,24036,,
2023-02-09,37667.578672452335,37668.58060606417,35918.83577843458,36195.49609375,52798,,
2023-02-10,35971.277298213456,37845.50390821979,35442.077592434565,36983.14453125,52863,,
2023-02-13,36983.14918985919,37619.90598530549,36262.67692365444,36670.4453125,19519,,
2023-02-14,36843.74457229298,36948.63100870478,36243.03134557081,36611.27734375,12266,,
2023-02-15,36612.044989082126,36900.86263683775,36090.47328793287,36593.73828125,34233,,
2023-02-16,36614.89853980798,37180.90533626655,36524.411647603585,36927.69921875,20803,,
2023-02-17,37053.714364026826,37446.2163383468,36576.26654062268,37128.30078125,16163,,
2023-02-20,37128.341613532626,37335.5302288051,36643.92164909577,36837.453125,16664,,
2023-02-21,36837.4520660641,37311.22161182962,36505.59216896643,36909.125,14881,,
2023-02-22,36862.715465669724,36895.71120707737,36184.7191950517,36416.97265625,22779,,
2023-02-23,36432.00939410453,36480.714012288474,35875.248758786096,36349.73828125,10090,,
2023-02-24,36517.95570730792,36707.950706087075,36122.637335086176,36350.83203125,15506,,
2023-02-27,36493.22498932955,36493.22498932955,35846.69507399756,36094.515625,13632,,
2023-02-28,36270.620040883805,36680.789374942775,36152.72694694949,36260.734375,25983,,
2023-03-01,36289.717978175344,36900.91322833409,36289.717978175344,36471.8828125,29845,,
2023-03-02,36385.31977807517,36635.095140700396,35584.222639322616,35733.25,14787,,
2023-03-03,35993.665663091626,36152.38466317532,35220.02478238658,35617.734375,16173,,
2023-03-06,35793.12390878906,35874.82427468487,35372.9271499879,35626.3359375,17618,,
2023-03-08,35514.266764876586,35702.400317438725,35057.78027693395,35588.8046875,19234,,
2023-03-09,35763.50962501802,35763.50962501802,34905.44897191437,35004.2421875,13994,,
2023-03-10,34925.31977867149,35453.9081549265,34534.537573425085,35362.609375,17139,,
2023-03-13,35335.68220680088,35390.97478775194,34503.88362832669,34634.859375,19717,,
2023-03-14,34522.975935489834,34952.67402818966,33973.855294745525,34655.578125,28503,,
2023-03-15,35134.17974416451,35822.82643920862,34798.59681769146,35758.5546875,26493,,
2023-03-16,35630.8266408654,35805.97081236709,35170.42316145335,35359.51171875,11709,,
2023-03-17,35774.01932360052,35812.21902389268,35382.47239560596,35548.40234375,24182,,
2023-03-20,35554.41813468247,36337.273211543776,35525.71986488654,36209.54296875,20355,,
2023-03-21,36146.463236450436,36590.4377220456,36045.95028385766,36507.640625,23570,,
2023-03-22,36507.456083713434,37007.29770428776,36501.009883845145,36860.27734375,18711,,
2023-03-23,36767.21285905958,36767.21285905958,35717.81781233367,35827.8359375,24040,,
2023-03-24,35827.83808616148,36050.97061475741,35344.276091448264,35444.7890625,12070,,
2023-03-27,35383.47391711457,36029.95531291275,35239.22156081638,35807.5390625,18517,,
2023-03-28,36416.24654161781,36599.03058902305,35977.95353958325,36183.84765625,54574,,
2023-03-29,36027.09374127928,36757.85329024309,35868.61347460735,36453.78515625,129944,,
2023-03-31,36375.67138828299,36862.7176578557,36077.85542715349,36197.375,37024,,
2023-04-03,36509.37005377687,36509.37005377687,35821.77532610961,36088.45703125,17092,,
2023-04-05,36152.198641211704,36267.036497472414,35505.57168147547,35691.51171875,13296,,
2023-04-06,35526.6748697672,35685.15512404593,34729.256157467644,34821.5546875,27468,,
2023-04-10,34821.898569246725,35210.5805953467,34666.23476026811,34974.41015625,9663,,
2023-04-11,35139.90990734312,35316.203044504895,34729.36005510218,34828.0078125,17896,,
2023-04-12,34952.73483854906,36289.62770430963,34904.98520079148,36097.72265625,39576,,
2023-04-13,36194.21658960869,36442.4176539405,35814.7040534808,36003.12109375,16890,,
2023-04-17,36423.420864335356,36607.734451824,35956.287686459254,36515.81640625,13598,,
2023-04-18,36509.36636757032,37232.87023903138,36201.00075537562,36790.9921875,27168,,
2023-04-19,36800.631539185175,36863.758027980475,36232.840070854676,36307.85546875,19241,,
2023-04-20,36471.174091389126,38153.871361591475,36385.65374226662,37492.203125,39300,,
2023-04-21,37492.19246743199,38342.94903170986,37350.71182015453,38251.9375,49286,,
2023-04-24,38247.44837246416,38898.85022755769,38009.65524775146,38709.76171875,24599,,
2023-04-25,38858.549814884966,39011.34862267584,38528.31637589866,38822.30859375,14965,,
2023-04-26,38822.31475535742,39345.69925082446,38567.238443381386,39165.921875,26330,,
2023-04-27,39137.2664543585,39364.744936693656,38754.55318487674,38877.60546875,14805,,
2023-04-28,38906.539643420634,38985.136279201186,37535.93503243926,38505.96875,33886,,
2023-05-02,38724.93992901982,38763.13962315449,37578.94910497978,38418.484375,30917,,
2023-05-03,38390.701568387114,38810.89830197145,38069.29807073596,38627.63671875,12351,,
2023-05-04,38715.397126149146,39246.70871184084,38534.95203388023,39042.1015625,19969,,
2023-05-05,39154.693031148425,39593.98958710765,38925.63658474041,39267.28515625,11575,,
2023-05-08,39536.639847429054,39751.513153641776,39251.14559399562,39509.8515625,16026,,
2023-05-09,39602.538052153235,40038.0631560785,39169.019924783766,39500.40234375,19405,,
2023-05-10,39536.69866558519,39870.229873530974,39252.15933033482,39479.49609375,10599,,
2023-05-11,39488.93665150327,39995.08263518638,39440.23203797905,39869.359375,8123,,
2023-05-12,39861.386828991584,40401.81559092521,39574.889079861314,40352.73046875,17268,,
2023-05-15,40539.29004624318,40817.383117375946,40137.04421912601,40336.16015625,18883,,
2023-05-16,40568.08668543272,41609.02864605234,40348.43838181574,41074.61328125,29596,,
2023-05-17,41246.12802695413,41437.12653599305,40403.87309780769,40487.9609375,17282,,
2023-05-18,40634.889205695916,40781.719327237464,39654.68623120369,39860.62890625,18748,,
2023-05-19,40108.73333712009,40348.436474519,39546.81719564849,39799.21875,14097,,
2023-05-22,39794.535831443296,40148.64778190598,39708.58650999309,39907.2734375,8426,,
2023-05-23,39918.6927610485,40021.257479459484,39491.47530699079,39912.0078125,11028,,
2023-05-24,39966.443595995115,39966.443595995115,39240.649160321125,39396.07421875,14601,,
2023-05-25,39256.50006571772,39593.70571247272,39172.124977842504,39270.01171875,14381,,
2023-05-26,35343.03399540485,36162.70489252821,33379.520708205026,35813.46484375,415963,,
2023-05-29,36423.41363296763,36528.46280705328,35737.72902393589,36189.91796875,61564,,
2023-05-30,36308.812962913486,37713.08086546625,36204.43154200064,37143.140625,70408,,
2023-05-31,37330.65256907575,37870.22327006137,36830.236556126256,37030.44921875,53318,,
2023-06-01,37473.9075457247,37483.45747119507,36962.031540512966,37372.15234375,30679,,
2023-06-02,37494.20170588581,37581.81111764338,36785.9923133443,36889.05078125,33208,,
2023-06-05,37062.84192931557,37360.9695095667,36613.25754289588,37183.01953125,48171,,
2023-06-06,37206.253532409966,37349.72237636527,36967.13879248445,37104.8203125,35090,,
2023-06-07,37206.21304103147,37673.301369890716,37062.79273611602,37562.87890625,32433,,
2023-06-08,37402.33251868732,37587.78844080032,37112.52541593416,37306.06640625,22609,,
2023-06-09,37163.458491892714,37502.18699722983,36593.4574224287,36692.83203125,19005,,
2023-06-12,36894.45152861939,36894.45152861939,36258.21571348362,36486.5703125,40624,,
2023-06-13,36719.37133370637,36794.98016990364,36455.0561132302,36715.2578125,22666,,
2023-06-14,36823.67112520008,36864.17865790497,36591.77839024393,36812.2421875,11773,,
2023-06-15,36861.92623918623,37257.90022629114,36574.6074782757,36706.0234375,19493,,
2023-06-16,36919.31544101338,37339.20091973371,36706.02509533084,36889.08984375,29325,,
2023-06-19,37014.96247549982,37206.25427123884,36787.46721295004,37121.2265625,12503,,
2023-06-20,37024.530040362966,37205.110257284556,36765.32963630876,36964.609375,12258,,
2023-06-21,37084.740267798275,37110.613233794174,36508.043998297,36593.7890625,21698,,
2023-06-22,36718.46604951834,36727.98207064079,36154.15516206807,36306.18359375,16950,,
2023-06-23,36523.35507917734,36523.35507917734,35708.02209055916,36036.0390625,16827,,
2023-06-26,36036.02236025492,36358.44613751467,36001.11161174725,36203.06640625,10126,,
2023-06-27,36341.521174814516,36472.98946108096,36157.59708716178,36265.53125,13877,,
2023-06-28,36473.610125714586,36572.36452455762,35735.12658430587,35842.25,23492,,
2023-06-30,36144.590925017976,36301.401653893205,35916.23630518871,36008.0078125,13184,,
2023-07-03,36144.52813443544,36230.65799339814,35608.95979657373,35661.27734375,17390,,
2023-07-04,35866.254372555915,35946.11869534075,35398.54594331301,35505.95703125,11944,,
2023-07-05,35752.44213162169,35752.44213162169,35067.85651215384,35122.7109375,30541,,
2023-07-06,35083.250515570726,35463.48778193232,34768.23926615034,35378.26953125,25098,,
2023-07-07,35507.58544583955,35798.82722388766,34837.1076579521,34968.95703125,22321,,
2023-07-10,35289.46144094924,35339.197307183495,34768.23987463755,34800.28125,16478,,
2023-07-11,34996.79185132066,35074.552727722694,34623.58223691256,34714.97265625,28836,,
2023-07-12,34815.10992396889,34894.447456081216,34394.26793587696,34437.30859375,33767,,
2023-07-13,34671.634314791176,35083.10217672245,34304.40267595118,34694.4921875,37053,,
2023-07-14,34949.01165357511,35384.581585135245,34844.70905300757,35077.46484375,23379,,
2023-07-17,35274.21629221602,35341.168438106884,34937.972303726056,35031.32421875,12981,,
2023-07-18,35188.13039534135,35188.13039534135,34671.73962015812,34855.5703125,16629,,
2023-07-19,34958.57743434533,35125.95776405834,34592.873830930854,34872.92578125,16762,,
2023-07-20,34910.753812527255,35315.04828821297,34815.10791167102,34976.65234375,21230,,
2023-07-21,35102.04562220401,35288.55512891599,34862.93087000916,35072.5859375,7827,,
2023-07-24,35081.922083729805,36302.4127203539,34956.005711391124,35826.57421875,28307,,
2023-07-25,35876.77821585224,36302.40248420879,35293.33820754326,35576.640625,9221,,
2023-07-26,35628.09756083399,36239.75308808643,35581.70929958029,36033.109375,16557,,
2023-07-27,36125.46365518146,36249.80335004971,35484.63599701436,35624.23046875,18860,,
2023-07-28,35737.129014598824,35834.82979314441,35604.18123242804,35687.10546875,23277,,
2023-07-31,34910.80903715718,36758.63962373579,34910.80903715718,36158.98828125,79018,,
2023-08-01,36335.86851786564,37144.50583429186,36217.55531575291,37016.4375,31300,,
2023-08-02,37014.86264804303,37445.36629756846,36584.55327923355,37028.4921875,36504,,
2023-08-03,37034.09308303633,37355.082223130266,36790.435148818775,37086.078125,17567,,
2023-08-04,37244.511552361466,37370.237334238285,36948.00927754811,37216.10546875,9260,,
2023-08-07,37299.98944348314,37660.57449964481,37015.25233602357,37626.0,17258,,
2023-08-08,37588.83188222336,37755.733947451045,37349.71717559344,37483.28515625,11716,,
2023-08-09,37493.193911723836,37923.600474485975,37201.09281892983,37342.3125,18926,,
2023-08-10,37349.72382885704,38545.297574979224,36844.71347849503,38328.1328125,66218,,
2023-08-11,38258.31302986327,39285.93486414146,36922.905665447186,39123.95703125,84680,,
2023-08-14,39109.607706665134,39357.09146783167,38682.261087009494,39223.953125,16876,,
2023-08-16,39214.81784803962,39601.84747655319,38774.84672096405,39516.29296875,17004,,
2023-08-17,39425.41979472505,39688.68506282598,39182.33730049845,39473.76953125,12819,,
2023-08-18,39305.38301896138,39305.43167757867,38078.78910825359,38615.52734375,54920,,
2023-08-21,38615.47516368791,38994.92251269089,38430.3029409737,38926.79296875,10388,,
2023-08-22,38926.79172671648,38953.00000335933,38595.30306571664,38718.48046875,13436,,
2023-08-23,38634.636644264676,38901.974531758475,38136.37248119381,38294.09375,50836,,
2023-08-24,38299.26866047555,38462.16272282934,38232.194634800464,38327.0078125,20003,,
2023-08-25,38240.76593823137,38327.003962579656,37465.63057797488,37648.7890625,13664,,
2023-08-28,37655.3591120329,38117.21170229195,37369.81539440387,37956.13671875,12059,,
2023-08-29,37944.739805020516,38251.363965061086,37755.92564787639,37878.2421875,7652,,
2023-08-30,38040.502366528315,38280.10109456397,37896.820983479476,38048.16796875,8528,,
2023-08-31,38232.1930197226,38998.75328076968,38040.552954460836,38474.80859375,30766,,
2023-09-01,38471.69810962088,38624.003317410636,38090.383002015216,38157.45703125,12244,,
2023-09-04,38318.430228459496,38349.14129685399,37788.25725067304,37962.41015625,16605,,
2023-09-05,38143.984704430055,38174.69576927409,37729.13267859355,37853.5078125,6393,,
2023-09-06,37906.4037713142,39429.84492721048,37796.01984562974,39100.703125,39093,,
2023-09-07,39103.198740118576,40914.197432044966,39103.198740118576,40666.7421875,51771,,
2023-09-08,40531.91689466365,41092.41534996297,40039.78377747489,40108.34375,21057,,
2023-09-11,40244.41435272132,40426.47241765029,39805.94037915697,39949.81640625,33091,,
2023-09-12,39982.15221996453,40197.50772819772,39056.29121960716,39139.796875,16389,,
2023-09-13,39161.654039295376,39238.31007852081,38161.05317728083,38535.23046875,44662,,
2023-09-14,38787.139743740634,39135.112496355396,38328.01947761146,38362.8515625,37612,,
2023-09-15,38509.929579150776,39614.06084078326,38356.75975702742,38907.8671875,47783,,
2023-09-18,38902.930613910234,39187.61340876791,38483.575766684895,38640.046875,12517,,
2023-09-20,38736.682528957674,39644.67458591305,38137.85602942299,38209.86328125,45556,,
2023-09-21,38318.43194992554,38537.85982980884,37810.58576504281,37867.98046875,19969,,
2023-09-22,38155.53642868326,38155.53642868326,37585.4072429709,37748.4921875,27935,,
2023-09-25,37849.817794383074,38102.83130814524,37595.17608885963,37786.00390625,10921,,
2023-09-26,37786.011464995725,37919.48578642449,37380.35582820922,37488.53515625,17616,,
2023-09-27,37551.87200835807,37601.26798537851,36657.77375763597,37072.9140625,29588,,
2023-09-28,37072.91515910471,37547.08211720125,36726.86258696457,37151.203125,117019,,
2023-09-29,37432.093653236036,37913.5406316629,37022.942136790836,37349.3515625,22989,,
2023-10-03,37369.85785648393,37811.44218939039,37039.230116512364,37505.39453125,24323,,
2023-10-04,37179.13268321451,37645.96715647718,37092.9919668457,37585.21875,34721,,
2023-10-05,37743.515269587384,37904.013843023684,37369.81709860137,37424.09765625,15128,,
2023-10-06,37686.02058920831,37911.24633499262,37466.783595742396,37766.3671875,14668,,
2023-10-09,37733.92294926548,38021.38300220554,37273.98686456138,37814.26953125,15754,,
2023-10-10,37772.256890376826,37964.278738719804,37531.69994968924,37690.5703125,18472,,
2023-10-11,37846.94205885318,38112.4121673709,37657.218423174,37862.1796875,16722,,
2023-10-12,37877.66430822087,38178.25104491613,37753.09824801169,37860.65625,9128,,
2023-10-13,37847.76570558585,37980.66734895143,37369.76595151919,37653.6328125,21364,,
2023-10-16,37653.631398608304,37844.2646073864,37254.82916626101,37292.8203125,13904,,
2023-10-17,37417.67209794437,37848.910880507254,37380.350945809325,37683.0,17506,,
2023-10-18,37514.50207876906,37929.833273830176,36944.470185069025,37001.72265625,10568,,
2023-10-19,37029.654231420434,37272.65534856167,36770.94012500347,37084.3203125,11138,,
2023-10-20,37082.30247954655,37084.3161973389,35932.51079278577,36096.984375,26688,,
2023-10-23,36124.153949536136,36315.74536492644,35344.27616556964,35876.5078125,55825,,
2023-10-25,35876.50253765039,35930.97397489476,35345.131851991326,35503.42578125,35064,,
2023-10-26,35477.17189696623,35724.00202537208,34894.440193256756,35523.01953125,28909,,
2023-10-27,35827.10693942014,36076.23900158246,35753.18328816254,35975.96484375,13896,,
2023-10-30,35932.51426157167,36599.66127636152,35796.44980756786,35986.03125,27682,,
2023-10-31,36076.24445330946,36505.469566677166,35862.90263502533,36235.6875,20692,,
2023-11-01,36169.95825857688,36334.38320348426,35788.78538611145,35853.80078125,21566,,
2023-11-02,35999.586962712005,36172.06302481709,35463.9529698412,36016.35546875,17565,,
2023-11-03,36258.303547568146,36258.303547568146,35760.90021709399,35855.859375,9473,,
2023-11-06,36022.587596171536,36199.42423721851,35795.49409028515,35933.6171875,15699,,
2023-11-07,35931.55306748611,36028.282639225006,35616.35382723907,35688.9375,12107,,
2023-11-08,35874.977074622286,36354.1259700622,35688.943949852495,36297.734375,15345,,
2023-11-09,36315.79273814629,37146.31287945996,35696.79532102643,36111.265625,42919,,
2023-11-10,36116.05404055698,36823.63627948808,35836.69000397746,36757.18359375,29199,,
2023-11-13,36861.918489353,36861.918489353,35357.59261138226,35487.765625,42823,,
2023-11-15,35864.3379036872,35864.3379036872,35271.35413252705,35449.33984375,26305,,
2023-11-16,35587.51335695809,35921.9739472736,35366.83906145543,35877.3203125,15975,,
2023-11-17,35955.66689853414,36283.06902976328,35813.617369113505,36000.41015625,12170,,
2023-11-20,36000.40896945735,36231.17240728159,35834.73890592616,36029.06640625,11200,,
2023-11-21,36099.6366648591,36553.823861096935,36007.56231644217,36200.8359375,14227,,
2023-11-22,36244.6620323028,36758.328103489075,36100.64350767113,36265.3046875,14443,,
2023-11-23,36367.5578154168,36447.10554732758,36100.64348327979,36193.82421875,8197,,
2023-11-24,36330.069221762664,36330.069221762664,35920.145188679875,36008.4765625,14525,,
2023-11-28,36081.440629558834,36458.76915982537,35914.81044834847,36151.8671875,21591,,
2023-11-29,36196.65762097179,36313.69518083171,35831.810674129105,35864.21484375,19979,,
2023-11-30,36004.63222051987,36033.43592629628,35578.33737502891,35773.625,25775,,
2023-12-01,35773.62577211701,36440.097782281235,35668.58975631165,36283.69140625,23223,,
2023-12-04,36340.87106336247,36715.128008482774,35932.724754122806,35992.875,30391,,
2023-12-05,36057.487274238934,36196.65642730258,35072.88061200554,35379.0625,75226,,
2023-12-06,35780.918726106254,36081.05480095709,35187.03364729991,35268.0703125,32370,,
2023-12-07,35582.1851498552,36207.994542171924,35236.54060981343,35943.57421875,36293,,
2023-12-08,35908.61937281542,36268.61693378409,35631.14367766184,35846.69140625,69746,,
2023-12-11,35994.985273803206,35994.985273803206,35433.36171992817,35804.73828125,46091,,
2023-12-12,35860.5643692569,36158.251413853264,35733.8768221134,35945.6328125,17207,,
2023-12-13,36003.62764155909,36196.661249592835,35670.03343273868,36108.08984375,25598,,
2023-12-14,36195.64711223031,36316.671429642236,35927.82141169101,36175.58203125,16898,,
2023-12-15,36176.54141931355,36567.26292005244,36176.54141931355,36342.8828125,26189,,
2023-12-18,36342.882380377814,37027.45041461591,36110.243713456824,36448.3046875,26693,,
2023-12-19,36448.29900402822,36521.36213842659,36107.26020021357,36250.46484375,25328,,
2023-12-20,36436.634001139166,36667.11237168129,35332.540855665655,35537.4296875,22773,,
2023-12-21,35601.37735701766,35864.64245566163,35280.79363877721,35744.67578125,10933,,
2023-12-22,35985.42602061164,36270.58267824562,35699.166721230176,36112.40234375,20574,,
2023-12-26,36359.88243008738,36359.88243008738,35908.624317012625,36066.8046875,13279,,
2023-12-27,36066.80072652877,36484.596984503936,35874.824774923036,36416.95703125,25789,,
2023-12-28,36416.95665946594,37135.27532842128,36351.33446650771,37027.06640625,33096,,
2023-12-29,37137.527991851195,37338.43383297179,36834.2264802879,36976.99609375,16473,,
2024-01-01,36980.10996893714,37429.6877156646,36964.74799574411,37227.29296875,12899,,
2024-01-02,37347.744165380835,37681.3420548638,36591.264407494295,37626.46875,27375,,
2024-01-03,37590.749244490355,37803.896627313115,37160.66274172429,37253.6484375,11523,,
2024-01-04,37347.8478460439,37588.838869189916,37017.42280991948,37516.30078125,18182,,
2024-01-05,37684.84892583112,37684.84892583112,37118.37603751926,37356.82421875,23336,,
2024-01-08,37303.681105672724,37355.52777850896,36062.24132831615,36190.3203125,41857,,
2024-01-09,36292.6708643212,36481.04635823471,34687.6818023359,34999.046875,83265,,
2024-01-10,34180.40086739641,35770.36558190227,34180.40086739641,35657.83984375,36662,,
2024-01-11,35657.834473037845,35811.645503677835,35319.102160870076,35349.68359375,13724,,
2024-01-12,35411.28016916594,35908.62421579107,35199.33287516498,35389.33984375,35026,,
2024-01-15,35410.265726489444,36331.07291092044,35149.209649397,36115.28515625,37780,,
2024-01-16,36154.4048735666,38172.535399335786,36055.75219933782,36735.51953125,116700,,
2024-01-17,36667.16998600078,36870.66743817285,35893.88416832641,36190.37109375,31387,,
2024-01-18,36190.37438914531,36358.684825988836,35524.674863588436,36224.21875,22226,,
2024-01-19,36340.67654793583,36482.534803152674,36004.63330376733,36152.58984375,15793,,
2024-01-23,36180.33902643313,36241.40438996207,35045.66416171088,35177.15234375,20653,,
2024-01-24,35358.46259512755,35358.46259512755,34752.5272490124,35104.75,20087,,
2024-01-25,35212.48849615805,35327.41455476261,34793.54076335046,35247.19921875,19971,,
2024-01-29,35247.193475945896,36399.2442338357,34973.22071827809,36134.44140625,41350,,
2024-01-30,36134.77918722778,36243.6556993069,35428.657061437334,35498.83984375,10673,,
2024-01-31,35476.757219756095,35908.91033921594,35406.045618951626,35826.1484375,12384,,
2024-02-01,35908.629334911566,35908.629334911566,35444.02693844284,35538.0703125,9175,,
2024-02-02,35542.81174059432,35805.983091353126,35363.79746464921,35504.984375,13261,,
2024-02-05,35524.52693913155,35883.613190755445,35141.486352101565,35295.96875,28954,,
2024-02-06,35246.23843162642,35531.2001445272,34756.47783356297,34905.48828125,11669,,
2024-02-07,34924.49214800074,35129.04720880874,34632.61460537552,34827.6171875,18958,,
2024-02-08,34947.48529907068,35879.622666667296,34468.432445581544,35275.65625,37263,,
2024-02-09,35274.94010993492,35476.56606048164,34430.70270119206,34856.46875,29638,,
2024-02-12,35044.5164856187,35044.5164856187,34276.41749415308,34681.3984375,53638,,
2024-02-13,35025.111509420356,35025.111509420356,34498.24377634126,34583.1171875,15073,,
2024-02-14,34496.280553521094,34756.47404707795,34268.63374955555,34626.71484375,17194,,
2024-02-15,34708.322273284764,34988.43830656151,34577.9367508867,34855.84375,14676,,
2024-02-16,34916.64326880094,35160.56396482696,34756.19822371996,34988.94921875,8824,,
2024-02-19,34996.89348439506,35557.99986304784,34950.68025503465,35302.28515625,23174,,
2024-02-20,35141.30248600544,35314.07178126493,34863.34997714059,35086.18359375,25209,,
2024-02-21,35131.68727348526,35285.63361225667,34804.34351703185,34966.08984375,10082,,
2024-02-22,34996.88566098124,35011.2784009899,34662.32121071464,34750.84765625,12618,,
2024-02-23,34948.75451790298,35083.2535179701,34550.64680459298,34757.11328125,17372,,
2024-02-26,34963.195502691946,35073.771783388,34327.665832271465,34703.24609375,63712,,
2024-02-27,34799.526560535116,34833.2237089545,34179.739723535684,34347.79296875,19676,,
2024-02-28,34524.171493181166,34524.171493181166,32936.6033621214,33168.921875,33933,,
2024-02-29,33168.91684776046,33310.10636888758,32700.910178214315,33032.39453125,30275,,
2024-03-01,33215.75194816906,34457.73223840495,33023.196864411555,34281.8828125,36312,,
2024-03-04,34371.08853546606,34371.08853546606,33817.54146260743,34148.78515625,42027,,
2024-03-05,34263.254213634245,34419.22384335799,33985.974871903134,34364.39453125,15404,,
2024-03-06,34111.19136857595,34419.230696444574,34064.207163037194,34380.23828125,15679,,
2024-03-07,34332.575649964514,34571.727589022325,34100.546745543834,34535.3828125,15330,,
2024-03-11,34659.921280837625,34777.37990295602,34364.15737140957,34528.26171875,41083,,
2024-03-12,34528.26425616851,34611.73615388563,33689.68665466495,33833.33203125,17436,,
2024-03-13,33838.672954300026,34007.448263867045,32589.95304017572,32764.9375,32802,,
2024-03-14,32782.45421212179,33311.066809480566,32358.784135709673,33105.17578125,26692,,
2024-03-15,33023.20311072789,33783.69805353865,32854.7662715196,33371.0546875,62735,,
2024-03-18,33697.14391046375,34658.95667522241,33263.94380827462,33521.53515625,36689,,
2024-03-19,33503.95952960167,33503.95952960167,32645.066093250894,32765.9921875,19126,,
2024-03-20,32734.367231453813,33013.57212842798,31839.034901066574,31996.73828125,20288,,
2024-03-21,32368.51567811709,32898.04225821716,32034.53032675085,32823.765625,34652,,
2024-03-22,32763.24986319562,33237.514573016015,32647.7168046125,33167.47265625,21285,,
2024-03-26,32927.98752575312,33468.055770158244,32927.98752575312,33321.18359375,27021,,
2024-03-27,33312.03438684658,33471.998041855855,33086.74490573323,33157.94140625,26399,,
2024-03-28,33186.33868914902,33312.029773308815,32830.642059821694,33168.52734375,30442,,
2024-04-01,33292.78664263242,33528.666709938516,33023.209422854015,33432.1484375,26588,,
2024-04-02,33649.00564287404,34016.883686728506,33246.61435188253,33662.38671875,29919,,
2024-04-03,33662.38784266283,33793.42310439307,33412.837162675736,33500.16015625,15250,,
2024-04-04,33442.0150497278,33687.52286137832,33155.97287542457,33203.96875,9338,,
2024-04-05,33196.498836923354,33196.498836923354,32806.57476415787,32896.3046875,11913,,
2024-04-08,33092.47044133871,33793.32211113982,32556.110469285235,33720.828125,61344,,
2024-04-09,33880.07328956344,35065.15226866288,33601.83114177476,34979.2734375,57004,,
2024-04-10,34977.6354181449,36152.31936051302,34949.90673038491,35989.12890625,51568,,
2024-04-12,35718.96673787047,35911.37890265346,34331.26893413691,34470.77734375,64465,,
2024-04-15,34467.46321540074,34524.552798073644,33508.05735913008,33983.37890625,49123,,
2024-04-16,33697.23521687644,34627.17842821054,33697.23521687644,34347.4921875,28186,,
2024-04-18,34467.360028883464,34467.360028883464,33708.69299808011,34041.4296875,49752,,
2024-04-19,34031.80219496169,34177.56489030372,33525.765926086824,34073.96875,16410,,
2024-04-22,34087.55554566914,34515.50935058787,34037.00982067874,34173.05078125,25470,,
2024-04-23,34390.33757810401,34765.049014776654,34217.18091661676,34669.83203125,16953,,
2024-04-24,34764.867539464845,35080.65796714062,34178.53714173757,34935.51953125,17333,,
2024-04-25,34996.890109486936,35082.23865489451,34111.038850274286,34237.01953125,40245,,
2024-04-26,34322.946168482005,34503.899069395455,33841.55842418352,33873.37890625,19959,,
2024-04-29,34029.3512510207,34056.50076979737,33746.24634383801,33800.3046875,27864,,
2024-04-30,33889.69616889565,34265.61109482805,33369.7974208501,33489.23046875,66090,,
2024-05-02,33533.473373867266,33744.178313399934,33408.31254875665,33640.484375,12805,,
2024-05-03,33716.4017508961,33841.56257978292,33238.91394086131,33497.75390625,17696,,
2024-05-06,33682.70128928695,33834.62801725779,33097.38266890074,33151.6328125,12011,,
2024-05-07,33206.1306031564,33518.98378370747,32609.209728295373,33090.6953125,23727,,
2024-05-08,33023.202183919384,33399.45563035823,32990.61072640688,33202.7109375,31994,,
2024-05-09,33119.57754359574,33543.00323257313,32885.04390931848,33077.9375,24083,,
2024-05-10,33077.9378180278,33407.349979662344,32924.51802442442,33239.39453125,18620,,
2024-05-13,33239.39221349631,33915.595341069,32793.09687061209,33839.0546875,25177,,
2024-05-14,33888.73701233689,34067.81326689795,33552.72834114437,33920.125,7488,,
2024-05-15,34082.25690001262,34082.25690001262,33477.776723509814,33707.3046875,7038,,
2024-05-16,33714.474262345546,34388.41714839392,33714.474262345546,34303.93359375,13313,,
2024-05-17,34313.22459068442,34670.60990195924,34000.660996585306,34257.0,13750,,
2024-05-21,34232.01759486912,34351.93205102355,33745.285625919394,33926.14453125,19535,,
2024-05-22,34120.759790223965,35092.15126690294,33466.07252562599,34973.0078125,55367,,
2024-05-23,35324.235082545216,35324.235082545216,33889.79728872219,34256.85546875,59941,,
2024-05-24,33789.57052550995,34560.129437246214,33239.825689344405,34231.38671875,74897,,
2024-05-27,34274.81898010825,35692.6492783288,33895.96669728036,35245.19921875,76565,,
2024-05-28,35200.03413177533,35474.13555726395,34674.40761351225,35003.09765625,21541,,
2024-05-29,34714.26554210261,35493.58340981774,34714.26554210261,35127.68359375,19627,,
2024-05-30,35127.687818105944,37012.89647407741,34925.64785302484,36551.53515625,64767,,
2024-05-31,36266.8530647778,36294.52253677109,34510.060413680636,34726.06640625,59479,,
2024-06-03,35252.63753228254,35542.34077105748,34674.34779378923,35096.65625,33981,,
2024-06-04,35059.47098396892,35783.94033780961,34577.28118063149,35469.03125,39899,,
2024-06-05,35499.98513089807,37335.058907933286,35469.02957921104,37231.6171875,33554,,
2024-06-06,37231.61670157669,37581.53704599462,36218.560916151364,37467.76171875,26535,,
2024-06-07,37464.435704101474,37464.48475007637,36768.22054491853,37038.98828125,30501,,
2024-06-10,37078.142715831986,37449.986553956376,36598.70713079575,37331.9140625,53126,,
2024-06-11,37331.192987909824,37812.12640360204,37116.92248458899,37647.55078125,18652,,
2024-06-12,37715.59891273827,37908.715546215615,37186.324951043505,37325.7890625,18592,,
2024-06-13,37522.37784651368,37619.009715882756,37290.19424815693,37506.0078125,9557,,
2024-06-14,37506.011820979096,37735.539416223146,36999.434858084045,37196.65625,30606,,
2024-06-18,37087.91085236081,37419.23528642444,36958.39174712961,37111.66796875,13946,,
2024-06-19,37193.08865837559,37905.628614170775,37023.344304284095,37616.0234375,25797,,
2024-06-20,37616.01829038575,38275.728093003134,37336.558123686045,38209.0859375,17723,,
2024-06-21,38151.19564034756,38603.58824880547,37570.73265004735,38448.08984375,20473,,
2024-06-24,38447.695898333,39115.08330452643,37947.39680078134,38930.078125,46367,,
2024-06-25,38913.22211770586,39309.21171979718,38650.85636971962,39073.40625,11831,,
2024-06-26,38913.223647679384,39399.13339250588,38112.06904316834,38232.265625,21745,,
2024-06-27,37958.98587643469,38874.59115379615,37885.96774394337,38710.78515625,27798,,
2024-06-28,38826.29515315252,38850.39181312834,37570.718444219725,37763.2578125,13167,,
2024-07-01,37620.99874293713,37957.05799678009,37280.97808335143,37712.26953125,15870,,
2024-07-02,37712.266948094475,38252.54983565435,37378.524196279366,37489.0625,14106,,
2024-07-03,37715.55270227708,37836.62081008172,36991.230395854815,37083.41796875,24244,,
2024-07-04,37270.35141324709,37474.14120174109,37063.66413960861,37369.4921875,7141,,
2024-07-05,37385.470372044365,38198.50530525669,37375.3782219089,38063.62890625,16590,,
2024-07-08,38237.14435333659,38246.80263683073,37522.43137476955,38111.828125,32294,,
2024-07-09,38071.99127570904,38594.50446174011,37860.474847352656,38070.640625,11669,,
2024-07-10,38070.63935628263,38391.2943876712,37676.96618815772,38131.4375,11878,,
2024-07-11,38130.903187858385,38399.018646431985,37825.75047579061,38035.8671875,11552,,
2024-07-12,38035.8671204973,38525.493046213225,37727.96028907269,38396.12109375,11026,,
2024-07-15,38299.538974113064,39357.50585553768,37794.893653634084,39156.1796875,40603,,
2024-07-16,39117.015877385355,39937.00418581972,39000.199687409775,39553.5703125,30665,,
2024-07-18,39193.318770829435,39543.382540388506,38333.73144441154,38771.30078125,27609,,
2024-07-19,38480.53809792092,39333.266549324304,38439.97330197412,39120.98046875,40304,,
2024-07-22,38681.67043817789,39469.544987274174,38187.84160277498,38826.59375,41263,,
2024-07-23,38826.591438782314,39647.25505997707,38733.63045706434,39502.765625,19072,,
2024-07-24,39502.37763943203,40043.48294682792,38874.58924173935,39602.921875,21988,,
2024-07-25,39502.3840270509,40081.88110324236,38826.30410482754,39908.2734375,16055,,
2024-07-26,40072.227159969734,40197.78487341384,39773.884225362366,40027.75,6425,,
2024-07-29,40026.82623243904,40315.12600876756,39521.69798111636,39727.90234375,31835,,
2024-07-30,39727.89991703641,41240.87000759611,39724.51951785546,41054.8046875,29267,,
2024-07-31,40999.46378221401,41400.42592511542,40779.20586557342,40947.984375,18411,,
2024-08-01,40897.04009102545,41083.97694300992,40339.75707259257,40578.65625,13056,,
2024-08-02,40324.30108159738,41455.28612546581,40163.83020382232,41339.38671875,18905,,
2024-08-05,40762.928398019896,40938.42242536682,39840.41896946167,40013.78515625,23362,,
2024-08-06,39846.20950379238,40824.06154185384,39499.477168814155,39633.96875,16947,,
2024-08-07,40082.839126487794,40323.330366277085,39415.64420146681,39880.11328125,14050,,
2024-08-08,39792.130729243385,40540.79111661156,38890.046988925096,39342.0546875,33948,,
2024-08-09,39550.668838238525,39550.668838238525,38233.761952745524,38831.94921875,60060,,
2024-08-12,38796.3643261077,39647.259219465785,38235.84425700028,39426.375,26469,,
2024-08-13,39426.37020660942,40108.87131190477,39162.40855979518,39679.17578125,8575,,
2024-08-14,39600.94068193036,39788.45473575039,39029.02319505594,39238.8984375,11054,,
2024-08-16,39358.87334153108,40042.171911489175,39358.87334153108,39842.4609375,5230,,
2024-08-19,39860.51580412041,40230.99065104818,39457.737672925985,39945.16796875,23708,,
2024-08-20,39945.170011173344,40211.43361768275,39733.05308206042,39819.89453125,9306,,
2024-08-21,39893.549220404835,40574.514165662666,39771.97195678888,40447.0,8417,,
2024-08-22,40389.97463295072,41278.19131576467,40389.97463295072,41038.1953125,14188,,
2024-08-23,40920.07338133206,41316.52688104473,40243.29323606532,40392.3125,18586,,
2024-08-26,40691.37090351466,41202.252348426715,40432.74318209604,40782.34765625,15955,,
2024-08-27,40584.4858020242,41177.92512607633,40291.509960909614,40407.640625,10982,,
2024-08-28,40258.43115506598,40602.341995908486,39998.9786411397,40212.9921875,8848,,
2024-08-29,40511.41131545435,40769.25985631169,40307.51560533801,40638.6328125,11821,,
2024-08-30,40482.227034335694,41733.66683836721,40477.361966791614,41373.0703125,29592,,
2024-09-02,41373.07101351211,41465.50729841594,40581.4750998346,40715.36328125,15302,,
2024-09-03,40685.14043914017,41016.402052144585,40578.059566864635,40829.77734375,7055,,
2024-09-04,40496.817738032114,40835.28196980655,39971.48932331597,40152.2265625,12986,,
2024-09-05,40136.79872890488,40484.358320397994,39844.845327317445,39944.3359375,17009,,
2024-09-06,40156.26150691881,40156.26150691881,39176.04936497766,39271.20703125,17008,,
2024-09-09,39455.69177346753,39455.69177346753,38959.45495954722,39228.10546875,11177,,
2024-09-10,39309.73913316033,39732.90111651538,39228.104833858226,39289.20703125,8622,,
2024-09-11,39309.739408049456,41403.61473004,39212.438072881014,40694.53125,54335,,
2024-09-12,40687.522865143816,42407.85973593119,40653.46740072159,42093.234375,56171,,
2024-09-13,42034.17930291218,42563.741851190185,41839.576620954256,42193.31640625,25427,,
2024-09-16,42559.600639942866,42757.60884136555,41643.99514835196,41893.671875,21161,,
2024-09-17,41907.68968917844,42371.38001334284,41793.16676519345,42210.296875,12632,,
2024-09-18,42326.077920668606,42909.885891988175,41454.159195169574,41890.16796875,29499,,
2024-09-19,41946.7995499163,42703.560686286975,41311.90833618199,41854.36328125,16911,,
2024-09-20,42130.505819770835,42326.08150673298,41645.99457335643,41891.14453125,58654,,
2024-09-23,41931.62642471958,42265.12678058733,41645.02455639573,41856.75,47600,,
2024-09-24,42170.20385933033,42170.20385933033,40676.87165183418,40826.32421875,36371,,
2024-09-25,40866.56118934732,40963.81311467766,40107.61076725944,40788.76953125,15582,,
2024-09-26,40788.764447185196,41080.71783012514,40263.28788655619,40898.859375,15182,,
2024-09-27,40817.90887633231,41464.9627357545,40727.661890676056,40899.69140625,30027,,
2024-09-30,40890.886782188696,41802.21262281234,40601.70796944245,41746.359375,22288,,
2024-10-01,41421.28069635862,41785.08889890376,41088.94719789501,41561.5390625,16016,,
2024-10-03,41337.74270809533,41436.74681716042,40328.48460364551,40539.19140625,22241,,
2024-10-04,40671.95456658227,41141.72613212559,40006.85058765998,40272.58203125,22836,,
2024-10-07,40872.836761764076,40872.836761764076,39703.81060723735,40301.19140625,27657,,
2024-10-08,40175.72028260011,41222.68262273277,40001.55089702042,41126.453125,19405,,
2024-10-09,41129.2260977191,42986.75804808231,41129.2260977191,42749.73046875,49967,,
2024-10-10,42749.73268554357,43055.74540894539,42605.24019134589,42973.1875,20708,,
2024-10-11,43398.343007232696,44855.91705828051,43398.343007232696,44145.76171875,57301,,
2024-10-14,43591.003537903765,44760.56573104127,43591.003537903765,44416.60546875,35069,,
2024-10-15,44422.87557183919,45242.103410712305,44330.48871340759,45009.359375,51464,,
2024-10-16,45050.51657273241,45547.14104934775,44768.34271082977,45335.75390625,33728,,
2024-10-17,45196.4703592835,45487.694016727546,44098.47419852589,44236.8359375,16313,,
2024-10-18,44238.050319961636,44644.18455688231,43801.94651280383,44340.84765625,9883,,
2024-10-21,44224.42987183404,44661.31286698164,43113.34744526531,43314.3203125,19251,,
2024-10-22,43397.36871840218,43716.904784381295,42730.41747327686,42872.0859375,18560,,
2024-10-23,42617.98677142907,43052.729917200224,41699.51153586769,41980.90625,14438,,
2024-10-24,41888.224268391925,43128.81627634081,41688.75653378053,42269.2578125,9914,,
2024-10-25,42462.30546669496,43038.23058718956,41488.31903745203,41877.13671875,17424,,
2024-10-28,41644.974709367314,42310.417072298704,41158.467995472834,41346.74609375,10711,,
2024-10-29,41722.81367856525,42658.70811719921,41431.00848662716,42182.5625,19209,,
2024-10-30,42131.47568125308,42588.79192998724,41699.55659985637,42089.05078125,10872,,
2024-10-31,42107.15144607664,42326.07944319663,41565.281848204984,41998.953125,18604,,
2024-11-01,42155.801041967905,42326.02895790726,41998.95205884625,42228.484375,934,,
2024-11-04,42326.076822432704,42442.83841366701,41470.847577471104,41875.62109375,15803,,
2024-11-05,41602.15932365584,42326.03185446197,41518.57899615729,42204.6484375,13556,,
2024-11-06,42227.80663583898,43100.59961614607,42158.43002339147,42961.80078125,12241,,
2024-11-07,43201.79296678949,44262.377523857074,42603.29093172927,43847.97265625,55886,,
2024-11-08,43639.64502224882,47028.65023100005,43591.1882013886,46707.45703125,175762,,
2024-11-11,46510.03778176573,47087.71504316881,45965.78124818488,46067.609375,26937,,
2024-11-12,46289.217326802536,46704.644650669194,45752.45218752019,45835.9375,30704,,
2024-11-13,45867.41016238522,46057.147757110506,44381.1323370371,44619.27734375,41753,,
2024-11-14,44984.344270545895,45158.539713939805,44234.3916318304,44394.6953125,23936,,
2024-11-18,44465.8707633141,44657.771997028096,43017.477724093274,43143.1953125,15803,,
2024-11-19,43340.77703519831,44299.55720437426,43340.77703519831,43640.984375,34629,,
2024-11-21,43732.115079775554,44231.267002549306,43156.01386509646,43485.27734375,24893,,
2024-11-22,43536.148806594014,44181.762308251455,43439.63640021963,43796.14453125,97797,,
2024-11-25,44124.43265185934,45189.36347249633,44124.43265185934,44503.15234375,59101,,
2024-11-26,44612.631155535855,44931.866602897026,44342.997145586254,44502.421875,23772,,
2024-11-27,44778.95020776226,44778.95020776226,43855.734424575785,43997.640625,22236,,
2024-11-28,44035.40370977374,44469.25097421364,43683.493016333465,43845.5546875,24610,,
2024-11-29,43682.21978303792,44319.12374681668,43520.74282942362,43678.20703125,42304,,
2024-12-02,43781.03251419099,45425.878568145934,43634.330131586044,44871.83984375,65013,,
2024-12-03,45101.79977061921,45485.60608918309,44089.4551434468,45144.11328125,73602,,
2024-12-04,45299.91308781456,45434.43580364145,44578.38215747034,44938.7578125,49127,,
2024-12-05,44938.70576359859,45786.58863878688,44771.458112956,44951.1796875,63726,,
2024-12-06,45101.79850123626,45590.922339086865,44920.804299007876,45108.40234375,26817,,
2024-12-09,45238.77096387763,45479.39467442641,44906.03357870474,45122.34765625,35904,,
2024-12-10,45373.29504039764,45993.81172153337,44920.80948261242,45790.8046875,54641,,
2024-12-11,45835.55276212978,46256.1922520135,45642.52415233269,46040.90625,29440,,
2024-12-12,45902.2800230289,46546.42598885603,45835.55752113111,46397.47265625,47214,,
2024-12-13,46422.57077968164,47754.884650185406,46288.83149289662,47686.83984375,42994,,
2024-12-16,47689.526061263445,48330.34336704101,47523.256747556,48170.7734375,41627,,
2024-12-17,48009.05457883432,48770.54867970692,48009.05457883432,48147.24609375,53695,,
2024-12-18,48086.345644670255,48312.58839810207,47498.45461421131,48042.66015625,39776,,
2024-12-19,47939.00487444652,48392.95790019638,47670.987467650455,48108.30859375,36876,,
2024-12-20,48134.676194385545,48526.015025234214,47567.23488965499,47798.46875,32345,,
2024-12-23,47797.68571646451,48085.75925145109,47317.75678934755,47557.74609375,14370,,
2024-12-24,47832.267773616775,48002.50016571014,47596.58549047207,47803.06640625,7524,,
2024-12-26,47803.06620939128,47914.498412790555,45835.56055592235,46063.859375,21533,,
2024-12-27,46334.42069319232,46416.60185207644,45483.45741722459,45917.3046875,23819,,
2024-12-30,46197.546435296485,46667.10332474561,45486.433372819534,45987.49609375,48343,,
2024-12-31,45738.02148782983,46820.41351588,45737.727219364264,46485.57421875,37902,,
2025-01-01,46485.56753561009,46862.81965422859,46047.22223498867,46753.5390625,9446,,
2025-01-02,46753.5426659631,47221.975993549655,46417.43077567804,47105.9921875,13143,,
2025-01-03,47400.912629216116,47542.7232639662,46731.72327445071,46903.12890625,18525,,
2025-01-06,46903.18006847589,47154.320989508786,46555.62228224116,46960.55859375,34830,,
2025-01-07,46917.60970668584,48188.18821764777,46917.60970668584,47756.6875,43413,,
2025-01-08,47613.213254655624,47720.73206084957,46090.955010552665,47022.5859375,39288,,
2025-01-09,47022.587137494134,47022.587137494134,46124.21998548512,46515.21484375,10595,,
2025-01-10,46471.43456969842,46862.77338444692,45517.59589043443,45733.37109375,12810,,
2025-01-13,45590.97305708916,45717.52377813701,44592.424657629446,44917.48046875,27472,,
2025-01-14,45003.959415986144,45640.813594735984,44970.745301576804,45465.25,13713,,
2025-01-15,45501.21053083516,46214.524914706264,44275.19641761708,45040.359375,25116,,
2025-01-16,45063.64726472708,45447.40392740459,44355.51884597403,44946.9296875,104583,,
2025-01-17,44955.04647371026,45394.71410467925,44093.611905264086,45099.40234375,22562,,
2025-01-20,45101.79507682794,45663.2668712539,44377.8183228832,45336.453125,15580,,
2025-01-21,45336.458178629946,45917.397613745095,44873.21083916386,44980.33984375,26933,,
2025-01-22,45277.90044713007,45660.77808513145,44710.45917099923,45075.7265625,42794,,
2025-01-23,45165.98179580617,45898.075863471524,44802.525853086,45756.0703125,29451,,
2025-01-24,45545.9688451404,46128.62419867633,45254.765372588525,45390.65625,13011,,
2025-01-27,45317.04154262681,45317.04154262681,43375.022383254734,43614.12890625,17917,,
2025-01-28,43545.25218251369,43957.136322099796,43243.08814431858,43716.0234375,20045,,
2025-01-29,43634.27508464628,45100.76751847707,43617.643186071415,44211.84375,32215,,
2025-01-30,44211.8467209284,44226.56778655695,42655.93097602887,43344.1484375,37596,,
2025-01-31,43340.7727018125,44211.6964489722,43330.93954999236,43755.15234375,27976,,
2025-02-01,43805.48909367603,46147.55256425725,42660.82304700711,45564.3125,48216,,
2025-02-03,45535.06325102789,46465.12738070255,44426.252051207266,46255.02734375,23382,,
2025-02-04,45934.37299654504,46169.56610203612,44688.692597451285,45891.5703125,30223,,
2025-02-05,46157.43794767766,47351.99975979988,44483.97522889382,44803.55078125,96888,,
2025-02-06,44446.30666183497,44446.30666183497,42569.69178893062,43038.66015625,120947,,
2025-02-07,43389.690544810495,43414.14922042764,41775.4179540791,42052.33984375,42482,,
2025-02-10,42052.341141324934,42989.693161598574,41875.160961020025,42709.49609375,47495,,
2025-02-11,42567.876749239105,42633.425996359285,40943.82077581376,41202.9375,27311,,
2025-02-12,41384.07880384229,42450.77132041772,40713.91109744437,41783.34375,23195,,
2025-02-13,41909.40679716787,41909.40679716787,40695.51657237618,40922.45703125,36838,,
2025-02-14,40951.66406394903,41014.49896361801,39860.889477507866,40320.71484375,19326,,
2025-02-17,40057.24908212944,40538.229075655996,39567.92382837744,40176.4375,14820,,
2025-02-18,40176.43701772869,40343.392077027085,39337.64249669107,39878.31640625,22082,,
2025-02-19,39859.906004019074,40932.22202650825,39395.51684320474,40774.3984375,21743,,
2025-02-20,40548.19482729582,40837.77457743654,40156.65410350706,40646.12890625,34371,,
2025-02-21,40560.963425713155,41579.03540395422,40149.34570214509,40383.50390625,29594,,
2025-02-24,40243.78798651022,40860.65071967401,39974.480777796896,40413.73828125,43411,,
2025-02-25,40694.43575538023,41321.75313175535,40412.660487899855,41166.23828125,27459,,
2025-02-27,41471.032580453815,41471.032580453815,40744.50407407276,41107.9140625,35641,,
2025-02-28,41107.817692817676,41107.913571261735,39271.810686435885,39778.3671875,44079,,
2025-03-03,39811.79706791,40153.65740418817,39428.50573944196,39826.1328125,15472,,
2025-03-04,39556.53860361917,39909.88525133203,38726.921449981586,39585.796875,28042,,
2025-03-05,39335.775536009496,40503.96624062356,39335.729514353516,40295.48046875,20278,,
2025-03-06,40734.68183222179,40734.68183222179,39617.398922482855,39856.3203125,27404,,
2025-03-07,40047.43055261724,40082.77518365166,39264.59453091487,39337.73828125,18542,,
2025-03-10,39468.169691042596,39653.38383390827,38906.23763652311,39152.47265625,13944,,
2025-03-11,39098.037870572734,39121.11006226995,38142.75095476862,39037.51171875,14828,,
2025-03-12,39026.36013509106,39560.456736688284,38830.050947174896,39392.9609375,7977,,
2025-03-13,39510.87787368023,39566.29944953958,39026.361908849605,39369.25390625,8237,,
2025-03-17,39468.17025151959,40100.54612535092,39291.54681472276,39626.92578125,14375,,
2025-03-18,39626.92578125,39626.92578125,39626.92578125,39626.92578125,0,,
2025-03-19,39860.89320264791,40694.6829453166,39860.89320264791,40501.46484375,27398,,
2025-03-20,40744.5078961088,41480.85442435173,40378.29822272932,41173.01171875,13228,,
2025-03-21,40927.71423886875,41682.12430092292,40927.71423886875,41361.02734375,27509,,
2025-03-24,41699.78873316745,42412.57206894028,41444.08093297454,42341.8828125,9173,,
2025-03-25,42341.84236833805,43493.53828398954,41824.53588158455,42144.16015625,24216,,
2025-03-26,42148.47219492934,42519.395225997076,41356.554572534325,41491.796875,16995,,
2025-03-27,41446.537884206125,43475.858884992456,40253.60675409175,43092.41796875,31068,,
2025-03-28,42708.09988471673,42708.09988471673,41677.21471508564,41916.52734375,23254,,
2025-04-01,41916.52058871284,42217.14552461053,41163.38392495842,41241.390625,9974,,
2025-04-02,41628.021767261846,42411.05339011611,41175.12265520439,42208.953125,24953,,
2025-04-03,41480.85129803394,42844.36937352801,41480.85129803394,42697.44140625,13404,,
2025-04-04,42393.92396800793,42560.8291804804,41262.7499694152,41539.56640625,14177,,
2025-04-07,40754.124905761455,41475.34938949386,39833.59215275383,40552.51171875,41820,,
2025-04-08,40744.50374818654,41878.91832708289,40707.73628231361,40990.34375,18910,,
2025-04-09,40984.55415229947,42114.109651879546,40514.960690400825,41961.390625,17873,,
2025-04-11,41966.78743246387,43935.336733982374,41246.34532252246,43671.625,47063,,
2025-04-15,43837.15948403976,44647.14059432717,43738.97995552007,44386.96484375,38641,,
2025-04-16,44386.961251356275,44401.688179442324,43621.160990881646,44112.05859375,17045,,
2025-04-17,44107.151448504206,44259.32971170996,43660.434611351855,44038.42578125,23368,,
2025-04-21,44175.88158572961,45108.5871642704,44053.157167500554,44642.234375,14544,,
2025-04-22,44642.23259292963,45044.768668652105,44372.238883603575,44504.78125,18994,,
2025-04-23,44548.96413367734,45516.03255619353,44480.23845898076,45098.76953125,26242,,
2025-04-24,45133.13412976924,45133.13412976924,44087.52203822684,44195.51953125,21522,,
2025-04-25,44200.42947119157,44652.055360946084,43100.818609180584,43792.984375,18414,,
2025-04-28,43714.440808014966,44534.239978698686,43650.62410610545,44362.42578125,35157,,
2025-04-29,44362.42511762153,44617.69192144097,43817.52867100695,44180.79296875,15266,,
2025-04-30,44082.61009262304,45039.860534500716,43984.43056012277,44784.59375,36309,,
2025-05-02,44779.68459685773,44779.68459685773,44234.788193629145,44426.23828125,8325,,
2025-05-05,44401.69170705805,45334.3972266093,44401.69170705805,45069.3125,24637,,
2025-05-06,44966.22367629362,45182.218637184116,44671.685093261134,44872.953125,7816,,
2025-05-07,44205.33219980448,46272.011251011325,44205.33219980448,45506.2109375,31679,,
2025-05-08,45520.938316541185,45624.02682130204,43954.9748394597,44337.875,17341,,
2025-05-09,44067.88409768804,44823.866513978995,43724.25572664669,44642.234375,13794,,
2025-05-12,44985.86053400638,46291.64827975558,44985.86053400638,46193.46875,14934,,
2025-05-13,45849.83870750861,46340.73633820998,45525.8462712457,45633.84375,11291,,
2025-05-14,45702.57088808704,45889.1119937527,45034.95008886256,45574.9375,26539,,
2025-05-15,45574.9390861339,46502.735670287206,45182.220955275356,46085.47265625,58580,,
2025-05-16,46635.27707995766,47572.89159809155,45736.934374101635,46959.26953125,45705,,
2025-05-19,46978.90040159077,47911.60584321065,46978.90040159077,47214.53125,20678,,
2025-05-20,47847.79393572522,47847.79393572522,46409.46382151905,46502.734375,26349,,
2025-05-21,46625.981324318826,47459.11632577895,46389.35126473252,46951.34765625,16817,,
2025-05-22,46951.346403948606,47444.32568160452,46596.40132403636,47192.90625,22475,,
2025-05-23,47281.64249773003,47311.221254375465,46665.418400950104,46828.1015625,7499,,
2025-05-26,47059.79956628467,47089.37832151175,46463.29466920522,46566.8203125,5213,,
2025-05-27,46813.31546235439,46852.75380731004,45886.51435589666,46128.07421875,7068,,
2025-05-28,46261.17358851285,46325.2608920775,45354.09175344397,45447.7578125,24287,,
2025-05-29,45551.28211309203,45994.96343237539,45063.23266188033,45694.24609375,35571,,
2025-05-30,45694.24535974895,46236.52251905118,45418.17698774054,45728.75390625,30136,,
2025-06-02,45945.67070265709,45945.67070265709,44959.71210388762,45270.2890625,16148,,
2025-06-03,45728.759491345525,45728.759491345525,44939.99261784237,45285.078125,10518,,
2025-06-04,45354.09041563275,45842.13986684446,44984.35598289662,45694.24609375,27481,,
2025-06-05,45649.87693629322,46147.78596119232,45009.00393394785,45191.40625,30324,,
2025-06-06,45590.72169197397,45743.545261659434,45043.51471664859,45452.6875,22430,,
2025-06-09,45797.776072584995,45896.371930653,45235.77968159741,45674.53125,30684,,
2025-06-10,45797.772721870315,46719.643927358986,45590.72143507606,46014.68359375,18196,,
2025-06-11,46142.8612716763,46818.24289499037,45960.45893545279,46054.125,18481,,
2025-06-12,46280.89373749595,46280.89373749595,45462.548151596464,45585.79296875,23638,,
2025-06-13,45354.09417984404,45684.390300501596,44866.04468812615,45516.77734375,13694,,
2025-06-16,45625.22837180515,45753.4029733899,44870.97013940253,44989.28515625,16961,,
2025-06-17,45255.49756743672,45497.05741284025,44964.639794399816,45186.48046875,14393,,
2025-06-18,45344.23573053834,45344.23573053834,44151.225831996235,44550.5390625,33495,,
2025-06-19,44683.64218662953,44787.16783600279,44126.575597144845,44244.890625,29724,,
2025-06-20,44170.94268224819,44649.13257512521,43579.367557039506,44294.1875,35835,,
2025-06-23,44269.539616236514,44949.851026820106,44013.190389060095,44792.09765625,19219,,
2025-06-24,45679.45829252891,46719.644532516344,45156.9002762319,45620.30078125,38399,,
2025-06-25,45442.82883044682,48395.774639671996,45442.82883044682,47607.0078125,55451,,
2025-06-26,47429.53437098947,48292.24807174024,47158.39577932494,48016.1796875,51907,,
2025-06-27,47828.84764202822,49879.64135663177,47020.36165838643,48745.7890625,61469,,
2025-06-30,48114.7762345679,48795.08761985175,47749.97157869105,48716.2109375,34121,,
2025-07-01,48509.15781590414,49002.13706200072,47326.00762527233,47518.26953125,20045,,
2025-07-02,46571.75223355263,47252.06363486842,46468.22658552632,46833.03125,24542,,
2025-07-03,47118.9612612291,47809.13227781961,47030.22498766746,47468.9765625,14934,,
2025-07-04,47666.164206047266,48435.211844494195,47335.86810491942,48026.0390625,52564,,
2025-07-07,48114.77503322429,48390.84341456246,47759.82997150378,48223.23046875,18958,,
2025-07-08,48287.31661606186,48504.22748192268,47651.373395697185,48277.45703125,14343,,
2025-07-09,48410.561482236575,48474.6487835878,47661.233035668345,47907.72265625,12878,,
2025-07-10,48203.51357815576,48297.17964053917,47326.01046740595,47567.5703125,13232,,
2025-07-11,47685.88414663963,47888.00564462497,46980.923800007826,47256.9921875,9296,,
2025-07-14,47207.69236388803,48238.01898294115,47207.69236388803,48080.265625,34775,,
2025-07-15,48085.197865667076,48607.75589045288,47779.550719094244,48331.6875,12350,,
2025-07-16,48410.564581344785,48686.63297406936,46428.78790500053,46483.015625,26209,,
2025-07-17,46635.83625224701,46823.16836404251,46320.32953764407,46621.046875,13351,,
2025-07-18,46823.17204549101,46823.17204549101,45738.61762877086,46083.703125,9590,,
2025-07-21,46246.38257802469,46330.18904895811,45773.12250687126,46073.83984375,10469,,
2025-07-22,46073.841170584026,46167.50722903054,45571.00233050275,45644.94921875,13967,,
2025-07-23,45847.074555737185,47118.96114018667,45482.26987647649,46744.296875,20541,,
2025-07-24,46537.24397750186,46630.91004059216,45945.66884219463,46453.4375,22375,,
2025-07-25,46340.05050181003,46635.83805820456,45487.19638087246,45620.30078125,11751,,
2025-07-28,45610.44006329284,46275.962048652174,45556.212345967266,45856.9296875,10007,,
2025-07-29,45699.1771351795,46734.43357513502,45571.00252832787,46552.03125,21249,,
2025-07-30,46556.96135710959,48030.96934586179,46325.26110469704,47636.5859375,64163,,
2025-07-31,47409.81302664942,48400.70128893044,46887.2550375858,48119.703125,25534,,
2025-08-01,47459.11380113758,47459.11380113758,45847.071605960264,46152.71875,27452,,
2025-08-04,46478.08480188858,46517.523142832055,45531.56461924511,45615.37109375,11840,,
2025-08-05,45615.37456905683,45709.04063593374,44747.731002197,45087.88671875,12379,,
2025-08-06,45294.937719357455,45787.91701538877,45053.37786430211,45649.8828125,9433,,
2025-08-07,44885.76457630504,46063.98508522727,44654.064308860085,45117.46484375,40964,,
2025-08-08,44856.18514919759,44856.18514919759,43204.70454418812,44235.03125,49106,,
2025-08-11,44170.94058856191,44663.91983620211,43037.08831898945,44392.78125,26479,,
2025-08-12,44328.694263271325,44693.4989091212,43273.718665813576,43461.05078125,24274,,
2025-08-13,43540.19767375072,43807.315450890295,42941.65598793797,43060.375,36102,,
2025-08-14,43203.82585476991,43376.957742211736,42902.08170808557,43050.48046875,19276,,
2025-08-18,43515.46332373014,44440.482266726336,43510.516698366526,44212.9375,19031,,
2025-08-19,44321.76380368098,45400.1281462259,44049.699405332496,45152.796875,26437,,
2025-08-20,45142.90418003608,45380.34220333673,44648.24163149306,44900.51953125,24481,,
2025-08-21,45113.220745260405,46211.37151340162,44989.555118217475,45400.125,23855,,
2025-08-22,45226.99622380148,45632.619508319876,44895.57232059742,45167.63671875,12049,,
2025-08-25,44999.45399629803,46804.97237693436,44999.45399629803,46349.8828125,28088,,
2025-08-26,46082.76275443633,46389.45353275052,44737.280630219204,45019.23828125,53221,,
2025-08-28,44846.10674193092,44846.10674193092,43376.95896977633,43678.703125,47648,,
2025-08-29,43802.36705886292,44099.16457704832,43184.03889597665,43861.7265625,21171,,
2025-09-01,43876.56798635514,44410.80353793647,43663.86309081814,44341.55078125,13821,,
2025-09-02,44519.62985772808,44856.000394430914,43975.50104835585,44677.921875,16508,,
2025-09-03,44519.62949875896,45207.21044323979,44514.6828732591,44841.16015625,8745,,
2025-09-04,45024.182787837235,45271.514049031684,44099.16387097,44188.203125,15279,,
2025-09-05,44420.69665060122,44509.735908920906,43683.649456732666,43812.26171875,9964,,
2025-09-08,43995.288179447554,44133.79369654048,43540.19862328506,43807.31640625,8573,,
2025-09-09,43827.098937175586,44024.96394366396,43465.995300334296,43836.9921875,7704,,
2025-09-10,43975.49875140687,44133.790760410804,43728.167487338214,43950.765625,11200,,
2025-09-11,43950.76858215435,44133.7937298797,43550.09190740427,43792.4765625,11731,,
2025-09-12,44024.968266697826,44024.968266697826,43510.5191993117,43658.91796875,6344,,
2025-09-15,43822.15615089014,44114.007061027005,43574.82487111313,43866.67578125,14240,,
2025-09-16,44015.07495416069,44979.66695416759,43891.409313134165,44851.0546875,23029,,
2025-09-17,44732.33432995604,45400.12877146262,44732.33432995604,44870.83984375,14185,,
2025-09-18,45162.691857633006,45162.691857633006,43624.29129161724,43792.4765625,30765,,
2025-09-19,43827.101852980835,44010.1269961592,43025.74852338909,43104.89453125,43916,,
2025-09-22,43085.10839045041,43357.17279475291,42837.777113811775,42941.65625,18035,,
2025-09-23,43129.624107442876,43129.624107442876,42145.24571572581,42323.32421875,19571,,
2025-09-24,42323.32895405907,42536.03385646961,41853.39951850091,41952.33203125,11810,,
2025-09-25,41922.65308834311,42491.51504765396,41878.133456744865,42169.984375,20188,,
2025-09-26,42046.31923079838,42046.31923079838,40577.171370616365,40799.76953125,36267,,
2025-09-29,40799.76726603383,41373.575826031396,40295.21146327735,40646.421875,48213,,
2025-09-30,41022.36497874293,41056.99135699582,40141.865646026636,40250.69140625,35445,,
2025-10-01,40547.4935195767,41794.043277650795,40502.973885359774,41660.484375,28755,,
2025-10-03,41660.47881924198,42674.53701895044,41200.44266034985,42417.3125,40218,,
2025-10-06,42348.06255323128,42353.00917892375,41670.374833362956,41744.57421875,15655,,
2025-10-07,41660.48007386227,41932.54447709932,41175.710773548984,41249.91015625,12080,,
2025-10-08,41244.96221803807,41566.49286617581,40824.499062781026,41254.85546875,13956,,
2025-10-09,41551.650283001916,41635.742908574655,40923.428903723194,41294.42578125,20885,,
2025-10-10,41591.22612346902,41690.158630898775,40908.591822203714,41195.49609375,22112,,
2025-10-13,40883.86006509464,41091.61833765773,40176.492613272676,40572.22265625,28590,,
2025-10-14,40908.59440152428,41017.420166558564,39939.05576758247,40037.98828125,16757,,
2025-10-15,40344.677618493275,40344.677618493275,39820.335314967,40102.29296875,14197,,
2025-10-16,40314.99940006399,40849.23497493601,40107.241120947096,40582.1171875,14326,,
2025-10-17,40829.44711809363,40829.44711809363,40344.67781623112,40601.90234375,21226,,
2025-10-20,41007.52286448346,41452.71913201102,40468.34071825563,41274.640625,20493,,
2025-10-21,41630.80188168811,41650.58838448359,40888.808026857645,41141.0859375,1828,,
2025-10-23,41457.66368280421,41546.702931854496,40923.42818850247,41017.4140625,20796,,
2025-10-24,41220.23056825107,41220.23056825107,40364.46435100549,40587.0625,15774,,
2025-10-27,40651.37133059351,40794.823480579784,40379.30690820575,40547.4921875,10116,,
2025-10-28,40755.249321669166,40755.249321669166,40077.56159778657,40478.23828125,23929,,
2025-10-29,40710.72611294124,40972.89725315825,40438.66172215002,40918.484375,9873,,
2025-10-30,40918.48395713762,41052.04283852577,40181.43679688454,40507.9140625,20231,,
2025-10-31,40681.04540351942,41056.98891648969,40408.98101913304,40760.19140625,19186,,
2025-11-03,40859.126173025026,40859.126173025026,40067.66610187684,40324.890625,13219,,
2025-11-04,40433.716441385324,40433.716441385324,39573.00361280678,39706.5625,25177,,
2025-11-06,39854.962089431116,39864.855340539325,39251.4737718302,39335.56640625,16531,,
2025-11-07,39375.14075868143,39474.073273150476,38910.1579406769,39315.78125,16589,,
2025-11-10,39325.67477553638,39909.37661497202,39108.0232421875,39770.87109375,12791,,
2025-11-11,39671.933341232594,39914.31797137229,39350.40270941462,39790.65234375,11613,,
2025-11-12,39790.65773498895,40428.7724599782,39790.65773498895,40285.3203125,14708,,
2025-11-13,40532.64884011463,40804.713239212295,38796.383311327685,39162.43359375,52117,,
2025-11-14,39078.34057313278,39558.16323586618,38351.18664094917,39340.51171875,36040,,
2025-11-17,39568.05977146409,39939.05670643844,38954.6781723065,39048.6640625,12913,,
2025-11-18,39276.20670336582,39276.20670336582,38326.45460172271,38835.95703125,24783,,
2025-11-19,38860.766846898354,38945.1281080907,38463.77267658142,38518.359375,20119,,
2025-11-20,38875.65684963697,38875.65684963697,38210.6915678076,38275.203125,14684,,
2025-11-21,38414.14949329754,38687.08299312074,37873.24492092066,38592.796875,32805,,
2025-11-24,38706.932337236234,38855.805153917914,38210.68961496397,38567.984375,40078,,
2025-11-25,38731.743638595595,38731.743638595595,38166.02694739766,38245.42578125,33982,,
2025-11-26,38295.05212089343,38761.52029497195,38022.118614783656,38706.93359375,26059,,
2025-11-27,38905.43202543026,38974.90601118996,38458.813545546494,38637.4609375,58192,,
2025-11-28,38786.33590487996,38786.33590487996,37813.70005056106,38032.046875,20663,,
2025-12-01,38032.04214844272,38061.81671171133,36925.42088029258,37123.91796875,34231,,
2025-12-02,37059.40542730355,37367.07590621261,36831.13378166135,37322.4140625,54634,,
2025-12-03,37357.150409505906,37381.96254447503,36508.57539356203,36960.15625,51521,,
2025-12-04,37039.55815474603,37466.32691162012,36885.72290517514,37223.16796875,24162,,
2025-12-05,37367.07763378554,37367.07763378554,36960.158594480046,37173.54296875,26318,,
2025-12-08,37178.50453622264,37327.37735203773,36622.712690512955,36955.1953125,15077,,
2025-12-09,36950.23308429393,37109.03075535186,36429.17822613507,36915.49609375,16225,,
2025-12-10,37099.11042461507,37158.65955852296,36334.89653946382,36419.2578125,16952,,
2025-12-11,36583.017026676105,36890.687544263455,36300.15864760387,36786.4765625,8896,,
2025-12-12,36786.473819239945,36940.30906656174,36478.80332459637,36652.48828125,204406,,
2025-12-15,36523.467099891124,36647.52778976847,36324.96999608737,36463.91796875,9624,,
2025-12-16,36617.75470189795,36617.75470189795,35927.97723834411,36081.8125,25922,,
2025-12-17,36220.75609312162,36220.75609312162,35709.62609208154,35784.0625,15879,,
2025-12-18,35729.477605406915,35823.76372686563,35292.78399022972,35426.76953125,23512,,
2025-12-19,35436.69511087652,35689.77891575745,35044.66333468842,35476.39453125,41521,,
2025-12-22,35878.35297889444,36528.43102042075,35699.70557816966,36458.95703125,14242,,
2025-12-23,36622.71585490463,36622.71585490463,36032.18696781335,36424.21875,43320,,
2025-12-24,36424.215804705644,36468.87764969779,36141.35745308872,36329.9296875,29139,,
2025-12-26,36329.93085177029,36473.84124580134,36052.03491846895,36195.9453125,10420,,
2025-12-29,36195.947613965014,36275.34645709957,35793.99097059634,36032.1875,7299,,
2025-12-30,36200.90788048731,36200.90788048731,35138.94841696102,35297.74609375,78314,,
2025-12-31,35565.714781978255,35828.72341647593,35367.2176993385,35774.13671875,10223,,
2026-01-01,36012.33523120792,36012.33523120792,35233.23413829078,35377.14453125,25148,,
2026-01-02,35426.76913052498,35774.13904775943,35223.30960757338,35506.16796875,24470,,
2026-01-05,35630.229298523205,35635.191726002115,34925.56459651899,35282.859375,27388,,
2026-01-06,35416.84292423024,35416.84292423024,34727.0655434725,35094.28515625,11501,,
2026-01-07,35272.93439752332,35322.55867213998,34920.60204774502,35114.13671875,8681,,
2026-01-08,35228.27221500611,35267.97163432151,34325.110425580686,34503.7578125,15798,,
2026-01-09,34568.26935918356,34652.630625205114,33943.00350514148,34022.40234375,16281,,
2026-01-12,34136.54019123745,34374.73672113706,33799.09510721301,34106.765625,11932,,
2026-01-13,34364.81044624495,34488.87113377652,33957.8913911414,34384.66015625,30417,,
2026-01-14,34335.03506860977,34335.03506860977,33838.79233022837,34062.1015625,30937,,
2026-01-16,34067.06620335006,34389.624004255784,33943.00551069402,34106.765625,15184,,
2026-01-19,34076.99146515422,34305.26314236364,33784.20822699431,34027.3671875,9813,,
2026-01-20,34027.36449269696,34032.32692006938,31501.48896013421,32722.24609375,57576,,
2026-01-21,32722.247340776954,33466.61147500755,32379.839839030883,32861.1953125,32783,,
2026-01-22,33054.7277254634,33208.56296934411,32364.950341611217,32627.958984375,33647,,
2026-01-23,32752.02013001825,32752.02013001825,32235.92769160584,32632.921875,25720,,
2026-01-27,32752.019970883302,32756.982398151617,31893.520053464694,32275.626953125,35654,,
2026-01-28,32255.778231833512,32503.899602847618,31987.80715113828,32369.9140625,13150,,
2026-01-29,32364.95158273228,32871.11917878237,31982.844671988583,32766.908203125,18462,,
2026-01-30,32747.05859375,33005.10481997746,32479.087512667636,32747.05859375,21403,,
2026-02-02,32593.223521192584,32752.021199736762,32156.529905196094,32518.787109375,10777,,
2026-02-03,33938.04184225882,34265.56205889708,33094.42916303905,33486.4609375,41461,,
2026-02-04,33744.50617283951,34359.847167755994,33049.76633986928,34166.3125,28306,,
2026-02-05,34191.12206044823,36022.25762507891,33655.17994397096,35372.1796875,64590,,
2026-02-06,34191.12622701948,35401.95856365123,33947.96727417129,35292.78515625,34565,,
2026-02-09,35411.88256706355,35461.50684196134,34166.313267129,34593.08203125,58241,,
2026-02-10,34761.802404150105,34796.53939441835,34215.935414220556,34339.99609375,14181,,
2026-02-11,34464.50939955617,34524.27444475771,33901.721890574976,34225.44921875,35668,,
2026-02-12,34290.19364498708,34290.19364498708,33538.15018233014,33717.4453125,18308,,
2026-02-13,33413.640479957314,33931.60420181088,33169.599880237845,33398.69921875,15457,,
2026-02-16,33418.61988126402,33563.05206853029,33099.872985228125,33294.109375,8016,,
2026-02-17,33214.421280684095,33677.60034487717,33099.8716196471,33553.08984375,6156,,
2026-02-18,33747.32776521381,33817.05364902624,33119.794810901985,33309.05078125,8975,,
2026-02-19,33468.423838011964,33468.423838011964,32362.77055050621,32467.359375,19153,,
2026-02-20,32566.96723444897,33005.2442059479,32337.867908438166,32611.791015625,9328,,
2026-02-23,32671.55730269126,33149.67765346236,32611.792258844875,32940.5,13411,,
2026-02-24,33020.18759659605,33269.20861919481,32596.851858178154,33030.1484375,23524,,
2026-02-25,33154.65666151403,33423.599347366784,32507.20204742408,32596.849609375,15961,,
2026-02-26,32596.85091519241,32666.576799502986,32053.98510163153,32128.69140625,15336,,
2026-02-27,32128.689995085253,32283.0830178488,31615.706725903146,31984.2578125,78391,,
2026-03-02,30878.60521501604,31655.55076558741,30709.270928353046,31052.919921875,21570,,
2026-03-04,30714.25140778829,31008.096199917287,30480.17165812621,30858.68359375,22570,,
2026-03-05,30828.80051484437,31670.49151436112,30818.839674613402,31401.548828125,31871,,
2026-03-06,31242.17606035617,31700.374720893833,31107.70471432881,31471.275390625,24708,,
2026-03-09,30818.839883257744,31227.234335492252,30699.309799676914,31023.037109375,11361,,
2026-03-10,31147.547498686974,31620.687411123057,30833.781030439888,31411.509765625,20230,,
2026-03-11,31421.471188392647,31914.532790492958,31207.31311879352,31471.275390625,15818,,
2026-03-12,31426.45030606975,31431.43072608656,30609.661423312948,30739.15234375,19162,,
2026-03-13,30724.211343473977,30724.211343473977,29892.48119363443,30166.404296875,25467,,
2026-03-16,30161.42500517384,30231.150888607204,29688.285081876034,30081.73828125,17643,,
2026-03-17,30081.737439578894,30554.877349638497,30081.737439578894,30395.50390625,8132,,
2026-03-18,30480.171052372323,31715.315238808325,30360.640969813998,31595.78515625,16958,,
2026-03-19,31431.432347440452,31431.432347440452,30928.409899794835,31102.724609375,17805,,
2026-03-20,31371.667057942606,32372.7315251035,31197.35234973051,31879.669921875,23953,,
2026-03-23,31720.295921025085,31725.276341172834,31008.095839896716,31222.25390625,18344,,
2026-03-24,31874.689151383274,32208.37730343682,31207.31284727619,32044.0234375,14942,,
2026-03-25,32223.319169411676,33319.011629577144,32053.984880113378,32507.203125,30727,,
2026-03-27,32273.123133155164,32298.025234338154,31471.275475062885,31680.453125,35185,18525.0,52.65
2026-03-30,31381.627622197087,32183.475272915028,31137.58703284815,31650.5703125,41114,22607.0,54.99
2026-04-01,32178.49524292516,32691.478528797517,31874.689607602697,32492.26171875,18816,7595.0,40.36
2026-04-02,32452.41944459788,33946.54557003977,32098.809594909966,33812.07421875,77315,21111.0,27.31
2026-04-06,33812.07418839928,34743.4128057554,33612.85737185252,34613.921875,29444,11448.0,38.88
2026-04-07,34364.899768568066,35171.72785009097,34170.663378571815,34902.78515625,30137,17418.0,57.8
2026-04-08,35610.00367679583,35689.69039831033,35062.157466383585,35186.66796875,17642,7495.0,42.48
2026-04-09,35266.35683294941,36038.32199452364,34932.66866633345,35809.22265625,24097,10472.0,43.46
2026-04-10,35500.433734052145,36337.14429344058,35360.98197415407,35913.80859375,46384,24026.0,51.8
2026-04-13,35560.20067337866,36257.45951011158,35365.96428314592,35709.61328125,23574,10455.0,44.35
2026-04-15,35958.63309052491,36840.16744745329,35928.750569951066,36386.94921875,62846,32261.0,51.33
2026-04-16,36655.89237425636,36949.73716366955,36292.321702609515,36835.1875,16695,6389.0,38.27
2026-04-17,36939.77813682933,38125.11819299292,36934.79771642528,37826.29296875,65200,41622.0,63.84
2026-04-20,37751.58305599857,38349.23344738641,37173.854344323656,38254.60546875,48678,29423.0,60.44
2026-04-21,38254.60897676008,38349.23696407403,37761.547358650554,37811.3515625,17653,9648.0,54.65
2026-04-22,37866.13516677536,38000.60651354676,37602.17289348336,37706.76171875,41546,31895.0,76.77
2026-04-23,37681.86068068451,38135.07893629412,37124.0535968573,37816.33203125,30053,16829.0,56.0
2026-04-24,37751.583646538566,38100.21304696834,37417.895506127206,37517.50390625,17217,6395.0,37.14
2026-04-27,37617.112696944205,38040.44840186149,37178.83573185337,37557.34765625,18426,6147.0,33.36
2026-04-28,37651.97761131849,37651.97761131849,37059.30759336255,37358.1328125,22189,12487.0,56.28
2026-04-29,37577.26876049583,37577.26876049583,36556.2826642862,36700.71484375,17895,9914.0,55.4
2026-04-30,36830.209101451,37044.367180066605,36088.12645694577,36640.953125,16635,7365.0,44.27
2026-05-04,36770.441795236606,37124.05162423048,36591.14667067633,36810.28515625,12569,5632.0,44.81
2026-05-05,36924.83523667279,37353.15137240976,36626.01002569352,37253.54296875,12718,4936.0,38.81
2026-05-06,37148.95549590853,37592.21290831446,37014.48414607751,37392.99609375,13111,5433.0,41.44
2026-05-07,37258.52285383753,37552.36764041371,36974.63890748427,37198.7578125,10206,4451.0,43.61
2026-05-08,37054.325822962666,37353.151031212365,36695.73557306303,37218.6796875,17425,7387.0,42.39
2026-05-11,37074.2483553766,37158.91549965944,35978.555899951716,36103.06640625,8262,3094.0,37.45
2026-05-12,36247.49907813168,36247.49907813168,34813.13802640017,34947.609375,11288,4041.0,35.8
2026-05-13,34977.49037313367,35689.69044765426,34584.0371851118,35191.6484375,10091,2438.0,24.16
2026-05-14,35256.39382298875,36391.929603698096,35206.58962208045,35983.53515625,21084,10095.0,47.88
2026-05-15,35983.53412717274,36755.499219174366,35923.76908779196,36675.8125,19744,12085.0,61.21
2026-05-18,36496.52009732036,37442.79995792228,36068.20394989002,37358.1328125,13482,5957.0,44.18
2026-05-19,37432.83897771318,38697.865734011626,37243.583006298446,38548.453125,47817,29409.0,61.5
2026-05-20,38468.76628411911,38548.45300868487,37871.11584987593,38135.078125,19379,10711.0,55.27
2026-05-21,38299.4329169245,39444.929610148516,37477.66355004641,38229.70703125,88001,26779.0,30.43
2026-05-22,39265.63315208782,40331.443082902995,38169.94069984793,39300.49609375,141220,31381.0,22.22
2026-05-25,39340.3384138061,39982.81260742314,38299.430611744385,38394.05859375,32772,12674.0,38.67
2026-05-26,38448.8447983292,38543.472784231824,37945.822346952096,38155.0,12995,4203.0,32.34
2026-05-27,38190.0,38410.0,37930.0,38145.0,14501,7105.0,49.0
2026-05-28,38145.0,38145.0,38145.0,38145.0,0,0.0,0.0
2026-05-29,38010.0,38680.0,37630.0,38195.0,84377,55467.0,65.74
2026-06-01,38100.0,38800.0,37040.0,37225.0,31720,7114.0,22.43
2026-06-02,37025.0,37465.0,36585.0,37365.0,27490,15896.0,57.82
2026-06-03,37220.0,37820.0,37140.0,37565.0,10391,3921.0,37.73
2026-06-04,37310.0,38945.0,37255.0,38835.0,39453,18856.0,47.79
2026-06-05,38945.0,39090.0,38180.0,38345.0,18046,7530.0,41.73
2026-06-08,38290.0,38700.0,37750.0,38550.0,15559,6591.0,42.36
2026-06-09,38415.0,39000.0,38325.0,38905.0,18287,10413.0,56.94
2026-06-10,38760.0,39370.0,37890.0,37955.0,17640,7371.0,41.79
2026-06-11,37890.0,38420.0,37545.0,37740.0,24551,15177.0,61.82
2026-06-12,37955.0,38850.0,37955.0,38625.0,13311,5320.0,39.97
2026-06-15,39000.0,39735.0,38875.0,39195.0,13715,5263.0,38.37
2026-06-16,39200.0,39530.0,38900.0,39065.0,16356,8457.0,51.71
2026-06-17,39065.0,39480.0,39000.0,39300.0,11220,5453.0,48.6
2026-06-18,39490.0,40350.0,39225.0,40180.0,35123,20794.0,59.2
2026-06-19,40000.0,40480.0,39545.0,39975.0,84195,60523.0,71.88
2026-06-22,39995.0,40440.0,39200.0,39320.0,47156,32237.0,68.36
2026-06-23,39660.0,40250.0,39440.0,39975.0,18975,7694.0,40.55
2026-06-24,39975.0,41045.0,39450.0,40885.0,42399,13292.0,31.35
2026-06-25,40700.0,41905.0,40440.0,40950.0,66796,36674.0,54.9
2026-06-25,40700.0,41905.0,40440.0,40950.0,66796,0.0,0.0
2026-06-26,40950.0,40950.0,40950.0,40950.0,0,,
2026-06-29,41000.0,41600.0,40225.0,40405.0,41754,18108.0,43.37
2026-06-30,40780.0,41740.0,40400.0,41370.0,43917,21473.0,48.89
2026-07-01,42225.0,43855.0,42225.0,43610.0,86856,0.0,0.0
2026-07-02,43500.0,43645.0,42760.0,42885.0,42493,23356.0,54.96
2026-07-03,42900.0,43300.0,42580.0,42800.0,26184,13099.0,50.03
2026-07-06,42650.0,42810.0,42250.0,42510.0,21383,13199.0,61.73
2026-07-07,42290.0,42690.0,41595.0,41780.0,40873,23017.0,56.31
2026-07-08,41765.0,42785.0,41245.0,41415.0,72900,,
2026-07-09,41640.0,41680.0,39510.0,40615.0,72097,,
2026-07-10,40605.0,40915.0,39250.0,39395.0,46753,,
2026-07-13,39400.0,40360.0,39300.0,39955.0,36709,17723.0,48.28
2026-07-14,40000.0,40630.0,39675.0,40530.0,24622,,
2026-07-15,40600.0,40980.0,40105.0,40395.0,24410,12453.0,51.02
2026-07-16,40650.0,40925.0,40195.0,40460.0,34750,,
2026-07-17,40395.0,40435.0,39650.0,39900.0,18420,,
2026-07-20,40080.0,40380.0,39700.0,40325.0,15805,8227.0,52.05
2026-07-21,40220.0,40325.0,39485.0,40095.0,45334,25300.0,55.81
2026-07-22,40015.0,40160.0,39615.0,39820.0,18127,,
2026-07-23,39790.0,40460.0,39620.0,40270.0,27879,12721.0,45.63
2026-07-24,40105.0,40480.0,39780.0,40275.0,28105,,
2026-07-27,40300.0,40565.0,39790.0,39970.0,11464,4994.0,43.56
2026-07-28,40140.0,40465.0,39750.0,40370.0,10031,3440.0,34.29
2026-07-29,40565.0,40565.0,39800.0,40270.0,27423,16367.0,59.68
2026-07-30,40055.0,41590.0,40055.0,41085.0,34842,12459.0,35.76
2026-07-31,41000.0,41160.0,39890.0,40375.0,24934,10270.0,41.19
2026-08-03,40500.0,40665.0,40125.0,40200.0,8626,2342.0,27.15
2026-08-04,40200.0,40265.0,39750.0,39750.0,18775,9422.0,50.18
2026-08-05,40240.0,40355.0,39820.0,40355.0,7689,,
2026-08-06,40175.0,40200.0,39765.0,40050.0,15718,8947.0,56.92
2026-08-07,39890.0,40240.0,39735.0,39900.0,10770,5789.0,53.75
