timestamp,open,high,low,close,volume
2026-02-11T09:15:00+05:30,11.9,12.5,7.65,7.95,21965
2026-02-11T09:16:00+05:30,8.0,8.3,7.1,7.35,12725
2026-02-11T09:17:00+05:30,7.4,8.05,7.25,8.05,12975
2026-02-11T09:18:00+05:30,8.0,8.15,7.85,8.1,6774
2026-02-11T09:19:00+05:30,8.25,8.6,8.15,8.45,8259
2026-02-11T09:20:00+05:30,8.45,9.0,8.45,8.8,8130
2026-02-11T09:21:00+05:30,8.85,8.95,8.45,8.55,7871
2026-02-11T09:22:00+05:30,8.5,8.6,8.4,8.55,6538
2026-02-11T09:23:00+05:30,8.55,8.75,8.55,8.65,2058
2026-02-11T09:24:00+05:30,8.65,8.65,8.45,8.45,4181
2026-02-11T09:25:00+05:30,8.45,8.5,8.1,8.15,4427
2026-02-11T09:26:00+05:30,8.1,8.2,8.0,8.0,2617
2026-02-11T09:27:00+05:30,8.0,8.2,7.8,8.2,2934
2026-02-11T09:28:00+05:30,8.2,8.45,8.2,8.35,2192
2026-02-11T09:29:00+05:30,8.3,8.35,8.1,8.2,1399
2026-02-11T09:30:00+05:30,8.1,8.4,8.1,8.15,3727
2026-02-11T09:31:00+05:30,8.2,8.2,7.8,7.95,6080
2026-02-11T09:32:00+05:30,8.0,8.25,7.9,8.15,3529
2026-02-11T09:33:00+05:30,8.2,8.35,8.05,8.25,3471
2026-02-11T09:34:00+05:30,8.25,8.55,8.2,8.45,4842
2026-02-11T09:35:00+05:30,8.45,8.8,8.1,8.3,7931
2026-02-11T09:36:00+05:30,8.4,8.8,8.2,8.3,11080
2026-02-11T09:37:00+05:30,8.3,8.95,8.2,8.95,7443
2026-02-11T09:38:00+05:30,8.95,9.25,8.6,8.65,9195
2026-02-11T09:39:00+05:30,8.6,8.85,8.5,8.85,5942
2026-02-11T09:40:00+05:30,8.85,9.1,8.65,8.85,3134
2026-02-11T09:41:00+05:30,8.7,8.75,8.3,8.65,11156
2026-02-11T09:42:00+05:30,8.65,8.9,8.6,8.85,4091
2026-02-11T09:43:00+05:30,8.85,9.05,8.65,8.65,3084
2026-02-11T09:44:00+05:30,8.75,8.75,8.55,8.75,2828
2026-02-11T09:45:00+05:30,8.7,8.9,8.7,8.85,1051
2026-02-11T09:46:00+05:30,8.8,8.9,8.4,8.55,1859
2026-02-11T09:47:00+05:30,8.6,9.05,8.55,8.8,2814
2026-02-11T09:48:00+05:30,8.8,8.95,8.6,8.9,951
2026-02-11T09:49:00+05:30,8.85,9.05,8.75,8.9,1020
2026-02-11T09:50:00+05:30,8.95,9.1,8.7,8.85,1320
2026-02-11T09:51:00+05:30,8.8,8.9,8.75,8.85,1715
2026-02-11T09:52:00+05:30,8.8,9.1,8.65,8.75,1338
2026-02-11T09:53:00+05:30,8.85,8.9,8.55,8.7,4310
2026-02-11T09:54:00+05:30,8.7,9.25,8.7,9.05,3135
2026-02-11T09:55:00+05:30,9.05,9.05,8.85,9.05,2353
2026-02-11T09:56:00+05:30,8.95,9.05,8.75,8.9,1963
2026-02-11T09:57:00+05:30,8.9,9.05,8.85,9.0,2112
2026-02-11T09:58:00+05:30,9.0,9.15,9.0,9.15,1452
2026-02-11T09:59:00+05:30,9.2,9.5,9.1,9.5,2629
2026-02-11T10:00:00+05:30,9.5,9.65,9.4,9.5,3016
2026-02-11T10:01:00+05:30,9.45,9.5,9.1,9.25,1494
2026-02-11T10:02:00+05:30,9.25,9.4,9.05,9.2,4032
2026-02-11T10:03:00+05:30,9.2,9.2,8.75,9.05,2466
2026-02-11T10:04:00+05:30,9.1,9.1,8.9,8.9,1609
2026-02-11T10:05:00+05:30,8.9,9.25,8.9,9.25,655
2026-02-11T10:06:00+05:30,9.15,9.25,9.05,9.15,930
2026-02-11T10:07:00+05:30,9.2,9.2,9.05,9.1,584
2026-02-11T10:08:00+05:30,9.15,9.15,8.9,9.1,3077
2026-02-11T10:09:00+05:30,9.1,9.15,9.0,9.05,389
2026-02-11T10:10:00+05:30,9.05,9.1,8.75,8.95,2901
2026-02-11T10:11:00+05:30,8.95,9.15,8.95,9.1,1651
2026-02-11T10:12:00+05:30,9.1,9.1,9.0,9.05,353
2026-02-11T10:13:00+05:30,9.05,9.25,9.0,9.05,2083
2026-02-11T10:14:00+05:30,9.05,9.25,9.0,9.2,2435
2026-02-11T10:15:00+05:30,9.2,9.3,9.1,9.15,1678
2026-02-11T10:16:00+05:30,9.25,9.35,9.1,9.15,2064
2026-02-11T10:17:00+05:30,9.15,9.2,9.0,9.05,1700
2026-02-11T10:18:00+05:30,9.1,9.15,8.95,8.95,1182
2026-02-11T10:19:00+05:30,8.9,9.25,8.9,9.2,2881
2026-02-11T10:20:00+05:30,9.25,9.45,9.15,9.4,2188
2026-02-11T10:21:00+05:30,9.4,9.45,9.3,9.4,2879
2026-02-11T10:22:00+05:30,9.4,9.45,9.25,9.4,1424
2026-02-11T10:23:00+05:30,9.45,9.55,9.3,9.3,2708
2026-02-11T10:24:00+05:30,9.3,9.5,9.3,9.3,1126
2026-02-11T10:25:00+05:30,9.35,9.5,9.15,9.45,1593
2026-02-11T10:26:00+05:30,9.45,9.5,9.25,9.45,5613
2026-02-11T10:27:00+05:30,9.35,9.8,9.35,9.7,2620
2026-02-11T10:28:00+05:30,9.6,9.8,9.6,9.8,1457
2026-02-11T10:29:00+05:30,9.8,10.2,9.75,10.2,3199
2026-02-11T10:30:00+05:30,10.15,10.25,10.0,10.05,1835
2026-02-11T10:31:00+05:30,10.0,10.25,10.0,10.1,1390
2026-02-11T10:32:00+05:30,10.05,10.2,10.05,10.2,1887
2026-02-11T10:33:00+05:30,10.2,10.2,9.9,10.05,1452
2026-02-11T10:34:00+05:30,10.05,10.05,9.7,9.8,1588
2026-02-11T10:35:00+05:30,9.75,9.85,9.65,9.65,1371
2026-02-11T10:36:00+05:30,9.7,9.8,9.65,9.8,1396
2026-02-11T10:37:00+05:30,9.75,10.3,9.65,10.2,11637
2026-02-11T10:38:00+05:30,10.15,10.4,9.9,9.9,2482
2026-02-11T10:39:00+05:30,9.95,10.35,9.9,10.35,1111
2026-02-11T10:40:00+05:30,10.25,10.35,10.1,10.2,2287
2026-02-11T10:41:00+05:30,10.2,10.35,10.15,10.3,1727
2026-02-11T10:42:00+05:30,10.3,10.35,10.25,10.35,703
2026-02-11T10:43:00+05:30,10.35,10.55,10.15,10.3,2371
2026-02-11T10:44:00+05:30,10.3,10.4,10.05,10.15,3262
2026-02-11T10:45:00+05:30,10.1,10.45,10.1,10.45,1133
2026-02-11T10:46:00+05:30,10.45,10.6,10.3,10.35,2664
2026-02-11T10:47:00+05:30,10.3,10.45,10.2,10.25,1695
2026-02-11T10:48:00+05:30,10.25,11.1,10.2,11.0,3703
2026-02-11T10:49:00+05:30,11.1,11.15,10.85,10.85,1442
2026-02-11T10:50:00+05:30,10.8,11.0,10.8,10.9,1003
2026-02-11T10:51:00+05:30,10.95,11.1,10.95,11.1,620
2026-02-11T10:52:00+05:30,11.1,11.2,11.05,11.15,916
2026-02-11T10:53:00+05:30,11.1,11.2,11.05,11.1,649
2026-02-11T10:54:00+05:30,11.1,11.15,11.0,11.1,698
2026-02-11T10:55:00+05:30,11.15,11.15,10.9,10.9,1882
2026-02-11T10:56:00+05:30,10.9,10.95,10.8,10.8,1133
2026-02-11T10:57:00+05:30,10.8,10.9,10.8,10.85,1196
2026-02-11T10:58:00+05:30,10.9,10.9,10.7,10.7,1544
2026-02-11T10:59:00+05:30,10.75,10.9,10.75,10.9,610
2026-02-11T11:00:00+05:30,10.9,11.0,10.55,10.7,928
2026-02-11T11:01:00+05:30,10.7,10.75,10.55,10.65,506
2026-02-11T11:02:00+05:30,10.7,10.7,10.45,10.45,812
2026-02-11T11:03:00+05:30,10.5,10.5,10.4,10.4,210
2026-02-11T11:04:00+05:30,10.4,10.4,10.05,10.05,1623
2026-02-11T11:05:00+05:30,10.05,10.45,9.9,10.2,3853
2026-02-11T11:06:00+05:30,10.25,10.3,10.1,10.2,634
2026-02-11T11:07:00+05:30,10.2,10.6,10.2,10.5,1805
2026-02-11T11:08:00+05:30,10.45,10.5,10.3,10.3,1805
2026-02-11T11:09:00+05:30,10.3,10.5,10.3,10.4,1957
2026-02-11T11:10:00+05:30,10.35,10.45,10.25,10.4,1156
2026-02-11T11:11:00+05:30,10.4,10.4,9.95,10.3,4690
2026-02-11T11:12:00+05:30,10.35,10.35,10.0,10.25,1309
2026-02-11T11:13:00+05:30,10.25,10.3,9.7,9.7,3236
2026-02-11T11:14:00+05:30,9.7,10.0,9.7,9.95,1296
2026-02-11T11:15:00+05:30,9.95,10.1,9.9,9.95,1040
2026-02-11T11:16:00+05:30,9.9,10.05,9.7,9.75,813
2026-02-11T11:17:00+05:30,9.75,9.9,9.6,9.65,853
2026-02-11T11:18:00+05:30,9.6,9.65,9.4,9.45,1134
2026-02-11T11:19:00+05:30,9.4,9.8,9.4,9.6,828
2026-02-11T11:20:00+05:30,9.6,9.65,9.4,9.6,2112
2026-02-11T11:21:00+05:30,9.65,9.7,9.4,9.55,2276
2026-02-11T11:22:00+05:30,9.55,9.6,9.4,9.45,1394
2026-02-11T11:23:00+05:30,9.45,9.45,9.3,9.45,1089
2026-02-11T11:24:00+05:30,9.45,9.65,9.4,9.5,579
2026-02-11T11:25:00+05:30,9.45,9.7,9.45,9.7,305
2026-02-11T11:26:00+05:30,9.7,9.8,9.65,9.7,819
2026-02-11T11:27:00+05:30,9.75,9.9,9.75,9.85,285
2026-02-11T11:28:00+05:30,9.9,9.95,9.65,9.8,1002
2026-02-11T11:29:00+05:30,9.8,10.15,9.8,9.95,1129
2026-02-11T11:30:00+05:30,10.0,10.2,9.85,10.1,1050
2026-02-11T11:31:00+05:30,10.05,10.2,10.05,10.2,439
2026-02-11T11:32:00+05:30,10.2,10.35,10.15,10.15,741
2026-02-11T11:33:00+05:30,10.25,10.5,10.25,10.5,846
2026-02-11T11:34:00+05:30,10.45,10.6,10.3,10.35,941
2026-02-11T11:35:00+05:30,10.35,10.75,10.35,10.65,1682
2026-02-11T11:36:00+05:30,10.6,11.05,10.55,10.95,3503
2026-02-11T11:37:00+05:30,11.0,11.0,10.6,10.65,1347
2026-02-11T11:38:00+05:30,10.65,10.8,10.55,10.55,2710
2026-02-11T11:39:00+05:30,10.55,10.65,10.55,10.65,1407
2026-02-11T11:40:00+05:30,10.6,10.75,10.5,10.55,473
2026-02-11T11:41:00+05:30,10.55,10.55,10.25,10.4,5027
2026-02-11T11:42:00+05:30,10.45,10.45,10.15,10.2,803
2026-02-11T11:43:00+05:30,10.2,10.35,10.1,10.3,396
2026-02-11T11:44:00+05:30,10.35,10.35,10.05,10.25,721
2026-02-11T11:45:00+05:30,10.2,10.4,10.15,10.3,873
2026-02-11T11:46:00+05:30,10.35,10.35,9.7,9.95,10465
2026-02-11T11:47:00+05:30,9.95,10.0,9.9,9.9,268
2026-02-11T11:48:00+05:30,9.9,10.0,9.85,9.95,581
2026-02-11T11:49:00+05:30,9.95,10.15,9.95,10.1,379
2026-02-11T11:50:00+05:30,10.1,10.25,10.1,10.1,439
2026-02-11T11:51:00+05:30,10.1,10.1,10.0,10.1,212
2026-02-11T11:52:00+05:30,10.0,10.35,9.95,10.2,777
2026-02-11T11:53:00+05:30,10.2,10.3,10.15,10.2,390
2026-02-11T11:54:00+05:30,10.3,10.3,10.1,10.3,603
2026-02-11T11:55:00+05:30,10.25,10.45,10.25,10.45,458
2026-02-11T11:56:00+05:30,10.45,10.55,10.4,10.5,836
2026-02-11T11:57:00+05:30,10.35,10.5,10.35,10.35,760
2026-02-11T11:58:00+05:30,10.3,10.35,10.1,10.15,467
2026-02-11T11:59:00+05:30,10.2,10.3,10.1,10.3,554
2026-02-11T12:00:00+05:30,10.2,10.3,10.1,10.25,1071
2026-02-11T12:01:00+05:30,10.25,10.3,10.15,10.2,493
2026-02-11T12:02:00+05:30,10.2,10.25,10.05,10.05,294
2026-02-11T12:03:00+05:30,10.1,10.1,9.9,9.95,568
2026-02-11T12:04:00+05:30,9.95,10.0,9.9,9.95,137
2026-02-11T12:05:00+05:30,9.95,10.15,9.9,10.15,290
2026-02-11T12:06:00+05:30,10.1,10.2,10.05,10.2,148
2026-02-11T12:07:00+05:30,10.15,10.3,10.1,10.2,731
2026-02-11T12:08:00+05:30,10.15,10.85,10.15,10.3,1916
2026-02-11T12:09:00+05:30,10.4,10.5,10.2,10.2,1194
2026-02-11T12:10:00+05:30,10.1,10.2,9.9,9.9,801
2026-02-11T12:11:00+05:30,10.0,10.05,9.9,9.9,207
2026-02-11T12:12:00+05:30,9.9,9.95,9.6,9.7,1101
2026-02-11T12:13:00+05:30,9.75,9.8,9.65,9.7,387
2026-02-11T12:14:00+05:30,9.65,9.7,9.55,9.55,763
2026-02-11T12:15:00+05:30,9.55,9.75,9.55,9.7,791
2026-02-11T12:16:00+05:30,9.75,9.9,9.75,9.85,459
2026-02-11T12:17:00+05:30,9.9,10.0,9.7,9.95,491
2026-02-11T12:18:00+05:30,10.0,10.05,9.85,9.9,539
2026-02-11T12:19:00+05:30,9.9,9.95,9.75,9.9,612
2026-02-11T12:20:00+05:30,9.9,10.0,9.85,10.0,228
2026-02-11T12:21:00+05:30,9.95,10.05,9.9,9.9,745
2026-02-11T12:22:00+05:30,9.9,10.0,9.85,9.95,416
2026-02-11T12:23:00+05:30,9.95,9.95,9.85,9.9,503
2026-02-11T12:24:00+05:30,9.95,10.0,9.8,9.85,912
2026-02-11T12:25:00+05:30,9.8,9.85,9.65,9.85,446
2026-02-11T12:26:00+05:30,9.8,9.9,9.7,9.75,585
2026-02-11T12:27:00+05:30,9.7,9.9,9.55,9.65,1992
2026-02-11T12:28:00+05:30,9.65,9.75,9.6,9.7,262
2026-02-11T12:29:00+05:30,9.7,9.75,9.6,9.7,449
2026-02-11T12:30:00+05:30,9.65,9.9,9.65,9.65,1365
2026-02-11T12:31:00+05:30,9.65,9.8,9.55,9.75,629
2026-02-11T12:32:00+05:30,9.75,10.0,9.7,10.0,786
2026-02-11T12:33:00+05:30,10.0,10.1,9.95,10.0,1435
2026-02-11T12:34:00+05:30,10.0,10.2,9.95,10.15,969
2026-02-11T12:35:00+05:30,10.1,10.25,9.7,9.85,1107
2026-02-11T12:36:00+05:30,9.9,10.0,9.65,9.7,1120
2026-02-11T12:37:00+05:30,9.75,10.05,9.65,9.65,3092
2026-02-11T12:38:00+05:30,9.65,9.75,9.5,9.5,2727
2026-02-11T12:39:00+05:30,9.6,9.65,9.45,9.55,1993
2026-02-11T12:40:00+05:30,9.6,9.65,9.45,9.5,1226
2026-02-11T12:41:00+05:30,9.45,9.45,9.3,9.45,1075
2026-02-11T12:42:00+05:30,9.4,10.3,9.35,9.75,5042
2026-02-11T12:43:00+05:30,9.85,9.85,9.25,9.45,11957
2026-02-11T12:44:00+05:30,9.4,9.9,9.3,9.75,9349
2026-02-11T12:45:00+05:30,9.75,9.95,9.45,9.45,2021
2026-02-11T12:46:00+05:30,9.55,9.65,9.25,9.6,3096
2026-02-11T12:47:00+05:30,9.6,9.7,9.5,9.6,2751
2026-02-11T12:48:00+05:30,9.65,9.8,9.45,9.7,3033
2026-02-11T12:49:00+05:30,9.75,9.8,9.6,9.6,1279
2026-02-11T12:50:00+05:30,9.65,9.85,9.6,9.65,2696
2026-02-11T12:51:00+05:30,9.7,9.85,9.65,9.8,648
2026-02-11T12:52:00+05:30,9.85,10.0,9.75,9.85,625
2026-02-11T12:53:00+05:30,9.8,9.95,9.7,9.8,434
2026-02-11T12:54:00+05:30,9.8,9.8,9.65,9.7,351
2026-02-11T12:55:00+05:30,9.7,9.8,9.6,9.8,1005
2026-02-11T12:56:00+05:30,9.75,9.8,9.65,9.7,689
2026-02-11T12:57:00+05:30,9.65,9.7,9.45,9.55,1550
2026-02-11T12:58:00+05:30,9.6,9.7,9.45,9.6,737
2026-02-11T12:59:00+05:30,9.5,9.8,9.5,9.75,1619
2026-02-11T13:00:00+05:30,9.75,9.9,9.7,9.85,758
2026-02-11T13:01:00+05:30,9.85,9.9,9.65,9.65,2341
2026-02-11T13:02:00+05:30,9.6,9.75,9.6,9.65,2036
2026-02-11T13:03:00+05:30,9.7,9.85,9.6,9.7,1066
2026-02-11T13:04:00+05:30,9.7,9.9,9.6,9.85,1436
2026-02-11T13:05:00+05:30,9.8,9.85,9.7,9.7,345
2026-02-11T13:06:00+05:30,9.7,9.75,9.5,9.55,765
2026-02-11T13:07:00+05:30,9.5,9.5,9.4,9.5,3584
2026-02-11T13:08:00+05:30,9.45,9.6,9.4,9.6,476
2026-02-11T13:09:00+05:30,9.55,9.65,9.5,9.55,360
2026-02-11T13:10:00+05:30,9.6,9.7,9.45,9.5,287
2026-02-11T13:11:00+05:30,9.5,9.7,9.45,9.65,401
2026-02-11T13:12:00+05:30,9.6,9.6,9.45,9.5,392
2026-02-11T13:13:00+05:30,9.55,9.65,9.45,9.65,542
2026-02-11T13:14:00+05:30,9.65,9.85,9.6,9.85,446
2026-02-11T13:15:00+05:30,9.9,9.95,9.75,9.8,394
2026-02-11T13:16:00+05:30,9.85,9.95,9.75,9.85,314
2026-02-11T13:17:00+05:30,9.8,9.85,9.75,9.8,267
2026-02-11T13:18:00+05:30,9.8,9.85,9.7,9.7,509
2026-02-11T13:19:00+05:30,9.7,9.95,9.65,9.95,997
2026-02-11T13:20:00+05:30,9.95,9.95,9.45,9.55,1669
2026-02-11T13:21:00+05:30,9.45,9.65,9.4,9.6,1433
2026-02-11T13:22:00+05:30,9.65,9.9,9.6,9.75,661
2026-02-11T13:23:00+05:30,9.75,9.75,9.65,9.75,718
2026-02-11T13:24:00+05:30,9.75,9.85,9.65,9.8,863
2026-02-11T13:25:00+05:30,9.8,9.8,9.65,9.7,633
2026-02-11T13:26:00+05:30,9.7,9.8,9.7,9.75,410
2026-02-11T13:27:00+05:30,9.75,9.75,9.6,9.7,1422
2026-02-11T13:28:00+05:30,9.75,9.75,9.4,9.4,1867
2026-02-11T13:29:00+05:30,9.4,9.6,9.4,9.55,811
2026-02-11T13:30:00+05:30,9.6,9.7,9.4,9.65,1281
2026-02-11T13:31:00+05:30,9.65,9.75,9.55,9.65,737
2026-02-11T13:32:00+05:30,9.7,9.7,9.55,9.65,863
2026-02-11T13:33:00+05:30,9.6,9.75,9.55,9.65,733
2026-02-11T13:34:00+05:30,9.7,9.75,9.55,9.7,366
2026-02-11T13:35:00+05:30,9.75,9.85,9.75,9.8,406
2026-02-11T13:36:00+05:30,9.85,9.95,9.8,9.85,951
2026-02-11T13:37:00+05:30,9.85,9.95,9.7,9.75,740
2026-02-11T13:38:00+05:30,9.8,9.85,9.7,9.8,575
2026-02-11T13:39:00+05:30,9.8,9.85,9.7,9.75,714
2026-02-11T13:40:00+05:30,9.75,9.9,9.7,9.9,1531
2026-02-11T13:41:00+05:30,9.9,10.15,9.85,10.1,831
2026-02-11T13:42:00+05:30,10.1,10.9,10.0,10.65,16691
2026-02-11T13:43:00+05:30,10.65,10.9,10.65,10.65,3901
2026-02-11T13:44:00+05:30,10.65,10.7,10.55,10.6,2435
2026-02-11T13:45:00+05:30,10.6,10.75,10.55,10.7,1287
2026-02-11T13:46:00+05:30,10.65,10.75,10.5,10.75,659
2026-02-11T13:47:00+05:30,10.75,10.85,10.6,10.65,633
2026-02-11T13:48:00+05:30,10.65,10.75,10.5,10.5,486
2026-02-11T13:49:00+05:30,10.5,10.75,10.5,10.65,1418
2026-02-11T13:50:00+05:30,10.7,10.8,10.5,10.7,1425
2026-02-11T13:51:00+05:30,10.7,10.85,10.65,10.8,1242
2026-02-11T13:52:00+05:30,10.75,10.8,10.05,10.35,8515
2026-02-11T13:53:00+05:30,10.3,10.35,9.7,10.15,9189
2026-02-11T13:54:00+05:30,10.15,10.4,10.1,10.4,1439
2026-02-11T13:55:00+05:30,10.35,10.35,10.25,10.35,1224
2026-02-11T13:56:00+05:30,10.3,10.45,10.2,10.3,1290
2026-02-11T13:57:00+05:30,10.3,10.3,10.0,10.2,1114
2026-02-11T13:58:00+05:30,10.1,10.3,10.05,10.2,1417
2026-02-11T13:59:00+05:30,10.25,10.25,10.15,10.25,853
2026-02-11T14:00:00+05:30,10.2,10.3,10.1,10.25,843
2026-02-11T14:01:00+05:30,10.2,10.3,10.1,10.2,230
2026-02-11T14:02:00+05:30,10.2,10.25,10.0,10.05,680
2026-02-11T14:03:00+05:30,10.1,10.25,9.95,9.95,733
2026-02-11T14:04:00+05:30,10.05,10.2,10.0,10.15,513
2026-02-11T14:05:00+05:30,10.2,10.25,10.05,10.05,1067
2026-02-11T14:06:00+05:30,10.05,10.05,9.85,9.85,878
2026-02-11T14:07:00+05:30,9.85,10.05,9.85,10.0,762
2026-02-11T14:08:00+05:30,10.05,10.15,9.95,10.05,448
2026-02-11T14:09:00+05:30,10.05,10.2,10.05,10.05,703
2026-02-11T14:10:00+05:30,10.05,10.05,9.8,9.85,1525
2026-02-11T14:11:00+05:30,9.8,9.95,9.8,9.85,365
2026-02-11T14:12:00+05:30,9.9,10.0,9.75,9.95,1157
2026-02-11T14:13:00+05:30,9.95,9.95,9.8,9.8,317
2026-02-11T14:14:00+05:30,9.75,9.8,9.6,9.7,530
2026-02-11T14:15:00+05:30,9.65,9.85,9.65,9.85,283
2026-02-11T14:16:00+05:30,9.9,10.0,9.85,10.0,963
2026-02-11T14:17:00+05:30,10.0,10.15,9.95,10.0,1244
2026-02-11T14:18:00+05:30,10.05,10.2,10.0,10.15,1050
2026-02-11T14:19:00+05:30,10.15,10.5,10.15,10.4,1068
2026-02-11T14:20:00+05:30,10.45,10.55,10.4,10.45,625
2026-02-11T14:21:00+05:30,10.45,10.5,10.2,10.2,421
2026-02-11T14:22:00+05:30,10.2,10.2,10.1,10.1,879
2026-02-11T14:23:00+05:30,10.05,10.3,10.05,10.15,1184
2026-02-11T14:24:00+05:30,10.15,10.25,10.1,10.1,458
2026-02-11T14:25:00+05:30,10.15,10.15,9.9,9.95,682
2026-02-11T14:26:00+05:30,9.95,9.95,9.5,9.5,1712
2026-02-11T14:27:00+05:30,9.5,9.85,9.5,9.8,1274
2026-02-11T14:28:00+05:30,9.7,9.8,9.55,9.6,733
2026-02-11T14:29:00+05:30,9.55,9.65,9.35,9.55,1096
2026-02-11T14:30:00+05:30,9.6,10.0,9.6,10.0,990
2026-02-11T14:31:00+05:30,9.95,9.95,9.8,9.9,607
2026-02-11T14:32:00+05:30,9.85,10.0,9.75,10.0,400
2026-02-11T14:33:00+05:30,9.95,10.0,9.7,9.85,1143
2026-02-11T14:34:00+05:30,9.8,9.8,9.7,9.75,334
2026-02-11T14:35:00+05:30,9.75,9.85,9.65,9.75,1439
2026-02-11T14:36:00+05:30,9.75,9.85,9.75,9.8,474
2026-02-11T14:37:00+05:30,9.8,9.9,9.7,9.7,950
2026-02-11T14:38:00+05:30,9.8,9.8,9.65,9.65,939
2026-02-11T14:39:00+05:30,9.65,9.7,9.6,9.65,453
2026-02-11T14:40:00+05:30,9.65,9.75,9.65,9.75,346
2026-02-11T14:41:00+05:30,9.75,9.8,9.7,9.8,528
2026-02-11T14:42:00+05:30,9.75,9.85,9.75,9.8,560
2026-02-11T14:43:00+05:30,9.85,9.9,9.75,9.75,892
2026-02-11T14:44:00+05:30,9.8,10.05,9.7,9.95,1033
2026-02-11T14:45:00+05:30,10.05,10.15,9.95,10.15,1390
2026-02-11T14:46:00+05:30,10.1,10.15,9.95,10.0,1242
2026-02-11T14:47:00+05:30,10.0,10.3,10.0,10.3,1227
2026-02-11T14:48:00+05:30,10.3,10.3,10.1,10.2,2278
2026-02-11T14:49:00+05:30,10.35,10.4,10.2,10.35,1161
2026-02-11T14:50:00+05:30,10.35,10.35,10.15,10.2,700
2026-02-11T14:51:00+05:30,10.2,10.55,10.2,10.5,1836
2026-02-11T14:52:00+05:30,10.55,10.7,10.5,10.7,2395
2026-02-11T14:53:00+05:30,10.65,10.7,10.45,10.55,2167
2026-02-11T14:54:00+05:30,10.45,10.5,10.35,10.45,1313
2026-02-11T14:55:00+05:30,10.35,10.5,9.85,9.95,2872
2026-02-11T14:56:00+05:30,9.95,10.0,9.8,9.9,1394
2026-02-11T14:57:00+05:30,9.9,10.15,9.85,10.1,2675
2026-02-11T14:58:00+05:30,10.1,10.1,9.8,9.95,2939
2026-02-11T14:59:00+05:30,10.0,10.25,9.95,10.2,2654
2026-02-11T15:00:00+05:30,10.0,10.05,9.8,10.0,3169
2026-02-11T15:01:00+05:30,10.0,10.3,9.95,10.15,3283
2026-02-11T15:02:00+05:30,10.2,10.55,10.15,10.5,3132
2026-02-11T15:03:00+05:30,10.35,10.35,9.9,10.05,4235
2026-02-11T15:04:00+05:30,10.1,10.1,9.75,9.75,5240
2026-02-11T15:05:00+05:30,9.8,9.9,9.45,9.65,8134
2026-02-11T15:06:00+05:30,9.6,9.6,9.25,9.35,6116
2026-02-11T15:07:00+05:30,9.35,9.55,9.3,9.55,4980
2026-02-11T15:08:00+05:30,9.45,9.55,9.3,9.5,4438
2026-02-11T15:09:00+05:30,9.5,9.55,9.15,9.2,3042
2026-02-11T15:10:00+05:30,9.2,9.2,8.9,9.15,1907
2026-02-11T15:11:00+05:30,9.2,9.2,8.75,8.75,3136
2026-02-11T15:12:00+05:30,8.8,8.8,8.3,8.45,6475
2026-02-11T15:13:00+05:30,8.4,8.5,8.3,8.35,1988
2026-02-11T15:14:00+05:30,8.25,8.35,8.2,8.3,2667
2026-02-11T15:15:00+05:30,8.4,8.4,8.05,8.1,4101
2026-02-11T15:16:00+05:30,8.1,8.4,8.1,8.35,3983
2026-02-11T15:17:00+05:30,8.35,8.4,8.1,8.4,4079
2026-02-11T15:18:00+05:30,8.4,9.0,8.35,9.0,3822
2026-02-11T15:19:00+05:30,8.95,9.1,8.95,9.0,4196
2026-02-11T15:20:00+05:30,9.05,9.05,8.95,9.05,3929
2026-02-11T15:21:00+05:30,9.05,9.25,8.95,9.25,4852
2026-02-11T15:22:00+05:30,9.25,9.25,8.9,8.95,5661
2026-02-11T15:23:00+05:30,8.95,9.0,8.85,8.9,4029
2026-02-11T15:24:00+05:30,8.9,10.0,8.9,9.9,14103
2026-02-11T15:25:00+05:30,9.95,10.1,8.9,8.9,6894
2026-02-11T15:26:00+05:30,8.9,9.75,8.55,9.5,7054
2026-02-11T15:27:00+05:30,9.6,9.9,9.45,9.55,4039
2026-02-11T15:28:00+05:30,9.5,9.5,9.0,9.1,6102
2026-02-11T15:29:00+05:30,9.1,9.2,8.2,8.4,6522
2026-02-12T09:15:00+05:30,4.8,4.8,2.5,2.65,45940
2026-02-12T09:16:00+05:30,2.7,2.85,2.7,2.8,29134
2026-02-12T09:17:00+05:30,2.85,2.9,2.75,2.8,19247
2026-02-12T09:18:00+05:30,2.8,2.9,2.65,2.7,21874
2026-02-12T09:19:00+05:30,2.65,2.7,2.65,2.65,16133
2026-02-12T09:20:00+05:30,2.7,2.85,2.65,2.85,12557
2026-02-12T09:21:00+05:30,2.85,2.9,2.8,2.8,13414
2026-02-12T09:22:00+05:30,2.8,2.8,2.65,2.7,13177
2026-02-12T09:23:00+05:30,2.7,2.75,2.6,2.75,15018
2026-02-12T09:24:00+05:30,2.7,2.75,2.6,2.6,11236
2026-02-12T09:25:00+05:30,2.65,2.65,2.5,2.55,13976
2026-02-12T09:26:00+05:30,2.6,2.75,2.55,2.7,11008
2026-02-12T09:27:00+05:30,2.7,2.7,2.6,2.7,7024
2026-02-12T09:28:00+05:30,2.7,2.75,2.6,2.7,10610
2026-02-12T09:29:00+05:30,2.7,2.75,2.65,2.75,5389
2026-02-12T09:30:00+05:30,2.75,2.9,2.7,2.8,19434
2026-02-12T09:31:00+05:30,2.75,2.85,2.7,2.7,11046
2026-02-12T09:32:00+05:30,2.7,2.75,2.55,2.6,9073
2026-02-12T09:33:00+05:30,2.6,2.6,2.45,2.5,10406
2026-02-12T09:34:00+05:30,2.5,2.6,2.5,2.55,4956
2026-02-12T09:35:00+05:30,2.55,2.6,2.5,2.6,8189
2026-02-12T09:36:00+05:30,2.6,2.65,2.5,2.5,10997
2026-02-12T09:37:00+05:30,2.5,2.6,2.5,2.6,6098
2026-02-12T09:38:00+05:30,2.6,2.6,2.5,2.5,4904
2026-02-12T09:39:00+05:30,2.55,2.55,2.5,2.5,3646
2026-02-12T09:40:00+05:30,2.5,2.55,2.5,2.55,3396
2026-02-12T09:41:00+05:30,2.5,2.55,2.45,2.45,5605
2026-02-12T09:42:00+05:30,2.45,2.55,2.45,2.5,3731
2026-02-12T09:43:00+05:30,2.5,2.55,2.4,2.4,6593
2026-02-12T09:44:00+05:30,2.4,2.45,2.35,2.4,10820
2026-02-12T09:45:00+05:30,2.4,2.5,2.35,2.4,7435
2026-02-12T09:46:00+05:30,2.35,2.5,2.35,2.5,7316
2026-02-12T09:47:00+05:30,2.45,2.55,2.45,2.5,3378
2026-02-12T09:48:00+05:30,2.55,2.55,2.4,2.5,5482
2026-02-12T09:49:00+05:30,2.45,2.6,2.45,2.55,7686
2026-02-12T09:50:00+05:30,2.6,2.75,2.55,2.75,7935
2026-02-12T09:51:00+05:30,2.7,2.85,2.7,2.8,6517
2026-02-12T09:52:00+05:30,2.75,2.85,2.75,2.75,4560
2026-02-12T09:53:00+05:30,2.75,2.85,2.7,2.85,8506
2026-02-12T09:54:00+05:30,2.8,2.95,2.8,2.9,8847
2026-02-12T09:55:00+05:30,2.9,3.1,2.9,3.05,13582
2026-02-12T09:56:00+05:30,3.0,3.1,2.95,3.05,13405
2026-02-12T09:57:00+05:30,3.05,3.1,2.95,3.0,12430
2026-02-12T09:58:00+05:30,2.95,3.1,2.95,3.05,11085
2026-02-12T09:59:00+05:30,3.0,3.15,3.0,3.05,9597
2026-02-12T10:00:00+05:30,3.05,3.25,3.05,3.2,9977
2026-02-12T10:01:00+05:30,3.25,3.3,3.1,3.15,10880
2026-02-12T10:02:00+05:30,3.1,3.15,3.0,3.05,10891
2026-02-12T10:03:00+05:30,3.05,3.1,2.95,3.05,9815
2026-02-12T10:04:00+05:30,3.05,3.05,3.0,3.05,5437
2026-02-12T10:05:00+05:30,3.0,3.05,3.0,3.05,7793
2026-02-12T10:06:00+05:30,3.05,3.05,3.0,3.05,5511
2026-02-12T10:07:00+05:30,3.05,3.1,3.05,3.1,4044
2026-02-12T10:08:00+05:30,3.05,3.2,3.0,3.15,9949
2026-02-12T10:09:00+05:30,3.15,3.2,2.95,2.95,2710
2026-02-12T10:10:00+05:30,2.95,3.0,2.9,2.95,4237
2026-02-12T10:11:00+05:30,2.95,2.95,2.75,2.8,4501
2026-02-12T10:12:00+05:30,2.75,2.8,2.7,2.75,5189
2026-02-12T10:13:00+05:30,2.75,2.8,2.6,2.7,4761
2026-02-12T10:14:00+05:30,2.75,2.95,2.75,2.9,6424
2026-02-12T10:15:00+05:30,2.95,3.1,2.9,3.1,8078
2026-02-12T10:16:00+05:30,3.1,3.3,3.05,3.25,7252
2026-02-12T10:17:00+05:30,3.25,3.5,3.2,3.4,13704
2026-02-12T10:18:00+05:30,3.4,3.6,3.4,3.55,10788
2026-02-12T10:19:00+05:30,3.55,3.6,3.35,3.5,13562
2026-02-12T10:20:00+05:30,3.45,3.5,3.3,3.35,8910
2026-02-12T10:21:00+05:30,3.3,3.35,3.25,3.3,5893
2026-02-12T10:22:00+05:30,3.3,3.35,3.2,3.25,5877
2026-02-12T10:23:00+05:30,3.2,3.25,3.15,3.2,3590
2026-02-12T10:24:00+05:30,3.2,3.25,3.15,3.25,4025
2026-02-12T10:25:00+05:30,3.25,3.3,3.2,3.25,3585
2026-02-12T10:26:00+05:30,3.2,3.2,3.1,3.1,3182
2026-02-12T10:27:00+05:30,3.05,3.15,3.05,3.1,2110
2026-02-12T10:28:00+05:30,3.1,3.2,3.05,3.2,4003
2026-02-12T10:29:00+05:30,3.15,3.15,3.05,3.15,3505
2026-02-12T10:30:00+05:30,3.15,3.3,3.15,3.25,3265
2026-02-12T10:31:00+05:30,3.25,3.3,3.25,3.3,2086
2026-02-12T10:32:00+05:30,3.3,3.3,3.1,3.1,2598
2026-02-12T10:33:00+05:30,3.1,3.1,2.9,2.9,3576
2026-02-12T10:34:00+05:30,2.9,3.05,2.85,2.95,3708
2026-02-12T10:35:00+05:30,2.9,2.9,2.7,2.75,5270
2026-02-12T10:36:00+05:30,2.8,2.8,2.65,2.65,3805
2026-02-12T10:37:00+05:30,2.7,2.8,2.6,2.65,9146
2026-02-12T10:38:00+05:30,2.6,2.6,2.45,2.5,8002
2026-02-12T10:39:00+05:30,2.55,2.55,2.3,2.4,10861
2026-02-12T10:40:00+05:30,2.4,2.5,2.35,2.45,7632
2026-02-12T10:41:00+05:30,2.45,2.5,2.35,2.35,5906
2026-02-12T10:42:00+05:30,2.35,2.4,2.3,2.4,2980
2026-02-12T10:43:00+05:30,2.4,2.45,2.35,2.4,1350
2026-02-12T10:44:00+05:30,2.35,2.45,2.35,2.45,3996
2026-02-12T10:45:00+05:30,2.45,2.5,2.4,2.5,2499
2026-02-12T10:46:00+05:30,2.45,2.65,2.45,2.65,3680
2026-02-12T10:47:00+05:30,2.65,2.65,2.5,2.65,4608
2026-02-12T10:48:00+05:30,2.65,2.7,2.55,2.55,3634
2026-02-12T10:49:00+05:30,2.6,2.65,2.55,2.65,1111
2026-02-12T10:50:00+05:30,2.6,2.75,2.6,2.75,3869
2026-02-12T10:51:00+05:30,2.7,2.85,2.7,2.75,3151
2026-02-12T10:52:00+05:30,2.8,2.85,2.75,2.8,1732
2026-02-12T10:53:00+05:30,2.8,2.9,2.75,2.75,4271
2026-02-12T10:54:00+05:30,2.8,2.8,2.7,2.75,2847
2026-02-12T10:55:00+05:30,2.75,2.9,2.65,2.9,3133
2026-02-12T10:56:00+05:30,2.9,2.9,2.85,2.85,2492
2026-02-12T10:57:00+05:30,2.9,2.95,2.8,2.8,2813
2026-02-12T10:58:00+05:30,2.8,2.95,2.75,2.95,4748
2026-02-12T10:59:00+05:30,2.9,3.0,2.9,2.95,2675
2026-02-12T11:00:00+05:30,2.95,3.05,2.9,3.0,2172
2026-02-12T11:01:00+05:30,3.0,3.05,2.95,3.0,1638
2026-02-12T11:02:00+05:30,3.0,3.1,2.95,2.95,3417
2026-02-12T11:03:00+05:30,3.0,3.0,2.9,2.9,1522
2026-02-12T11:04:00+05:30,2.9,3.0,2.9,2.9,1808
2026-02-12T11:05:00+05:30,2.95,2.95,2.85,2.9,4074
2026-02-12T11:06:00+05:30,2.9,2.9,2.8,2.9,3509
2026-02-12T11:07:00+05:30,2.9,3.0,2.8,3.0,3093
2026-02-12T11:08:00+05:30,3.0,3.0,2.8,2.9,4101
2026-02-12T11:09:00+05:30,2.95,2.95,2.85,2.9,1062
2026-02-12T11:10:00+05:30,2.9,2.9,2.8,2.9,4973
2026-02-12T11:11:00+05:30,2.9,2.95,2.85,2.85,4052
2026-02-12T11:12:00+05:30,2.85,2.9,2.75,2.75,1844
2026-02-12T11:13:00+05:30,2.8,2.8,2.6,2.65,2709
2026-02-12T11:14:00+05:30,2.7,2.9,2.7,2.8,3853
2026-02-12T11:15:00+05:30,2.85,3.0,2.8,2.95,4254
2026-02-12T11:16:00+05:30,3.0,3.05,2.85,2.85,3819
2026-02-12T11:17:00+05:30,2.9,3.0,2.85,3.0,3134
2026-02-12T11:18:00+05:30,3.0,3.0,2.75,2.75,3663
2026-02-12T11:19:00+05:30,2.75,2.85,2.75,2.8,1726
2026-02-12T11:20:00+05:30,2.75,2.85,2.7,2.8,2835
2026-02-12T11:21:00+05:30,2.8,2.85,2.7,2.85,2358
2026-02-12T11:22:00+05:30,2.8,2.85,2.55,2.6,7953
2026-02-12T11:23:00+05:30,2.55,2.6,2.35,2.4,6849
2026-02-12T11:24:00+05:30,2.4,2.5,2.35,2.45,4509
2026-02-12T11:25:00+05:30,2.45,2.6,2.45,2.55,2840
2026-02-12T11:26:00+05:30,2.55,2.65,2.5,2.6,3141
2026-02-12T11:27:00+05:30,2.6,2.6,2.5,2.55,5801
2026-02-12T11:28:00+05:30,2.5,2.6,2.45,2.6,4107
2026-02-12T11:29:00+05:30,2.6,2.7,2.6,2.6,5135
2026-02-12T11:30:00+05:30,2.65,2.7,2.6,2.7,3795
2026-02-12T11:31:00+05:30,2.7,2.7,2.35,2.4,9225
2026-02-12T11:32:00+05:30,2.35,2.4,2.2,2.4,10135
2026-02-12T11:33:00+05:30,2.3,2.4,2.3,2.4,3942
2026-02-12T11:34:00+05:30,2.4,2.45,2.3,2.4,5438
2026-02-12T11:35:00+05:30,2.35,2.45,2.35,2.35,2483
2026-02-12T11:36:00+05:30,2.35,2.4,2.3,2.35,3196
2026-02-12T11:37:00+05:30,2.35,2.4,2.3,2.35,3109
2026-02-12T11:38:00+05:30,2.35,2.5,2.3,2.45,6305
2026-02-12T11:39:00+05:30,2.45,2.5,2.35,2.4,2275
2026-02-12T11:40:00+05:30,2.35,2.4,2.35,2.35,1852
2026-02-12T11:41:00+05:30,2.35,2.4,2.3,2.35,3634
2026-02-12T11:42:00+05:30,2.35,2.5,2.35,2.45,5682
2026-02-12T11:43:00+05:30,2.45,2.45,2.3,2.3,2375
2026-02-12T11:44:00+05:30,2.35,2.35,2.2,2.3,5407
2026-02-12T11:45:00+05:30,2.3,2.35,2.3,2.3,2062
2026-02-12T11:46:00+05:30,2.3,2.4,2.3,2.4,2140
2026-02-12T11:47:00+05:30,2.4,2.55,2.35,2.55,3181
2026-02-12T11:48:00+05:30,2.55,2.65,2.45,2.6,4453
2026-02-12T11:49:00+05:30,2.6,2.65,2.5,2.6,4171
2026-02-12T11:50:00+05:30,2.6,2.6,2.55,2.6,3282
2026-02-12T11:51:00+05:30,2.55,2.7,2.4,2.5,7300
2026-02-12T11:52:00+05:30,2.45,2.6,2.45,2.5,9306
2026-02-12T11:53:00+05:30,2.5,2.6,2.4,2.45,5652
2026-02-12T11:54:00+05:30,2.45,2.5,2.4,2.4,5124
2026-02-12T11:55:00+05:30,2.4,2.5,2.35,2.45,7510
2026-02-12T11:56:00+05:30,2.4,2.45,2.4,2.45,4656
2026-02-12T11:57:00+05:30,2.4,2.5,2.35,2.45,5209
2026-02-12T11:58:00+05:30,2.4,2.4,2.3,2.4,3365
2026-02-12T11:59:00+05:30,2.4,2.45,2.3,2.35,6400
2026-02-12T12:00:00+05:30,2.4,2.4,2.25,2.3,4828
2026-02-12T12:01:00+05:30,2.25,2.3,2.2,2.25,5608
2026-02-12T12:02:00+05:30,2.2,2.3,2.2,2.25,4682
2026-02-12T12:03:00+05:30,2.3,2.3,2.15,2.2,7428
2026-02-12T12:04:00+05:30,2.2,2.2,2.15,2.2,2970
2026-02-12T12:05:00+05:30,2.15,2.2,2.1,2.2,4476
2026-02-12T12:06:00+05:30,2.15,2.2,2.15,2.15,2321
2026-02-12T12:07:00+05:30,2.2,2.2,2.15,2.15,2828
2026-02-12T12:08:00+05:30,2.2,2.3,2.15,2.25,3660
2026-02-12T12:09:00+05:30,2.3,2.4,2.25,2.3,4466
2026-02-12T12:10:00+05:30,2.35,2.45,2.3,2.4,4070
2026-02-12T12:11:00+05:30,2.4,2.5,2.2,2.2,7816
2026-02-12T12:12:00+05:30,2.2,2.25,2.15,2.25,4493
2026-02-12T12:13:00+05:30,2.25,2.45,2.15,2.25,12026
2026-02-12T12:14:00+05:30,2.25,2.3,2.15,2.25,9401
2026-02-12T12:15:00+05:30,2.25,2.25,2.15,2.15,1574
2026-02-12T12:16:00+05:30,2.2,2.3,2.15,2.3,4368
2026-02-12T12:17:00+05:30,2.3,2.4,2.25,2.4,3272
2026-02-12T12:18:00+05:30,2.35,2.55,2.3,2.45,5057
2026-02-12T12:19:00+05:30,2.5,2.5,2.35,2.4,4163
2026-02-12T12:20:00+05:30,2.45,2.6,2.4,2.5,4442
2026-02-12T12:21:00+05:30,2.55,2.55,2.45,2.45,4194
2026-02-12T12:22:00+05:30,2.5,2.6,2.45,2.5,5560
2026-02-12T12:23:00+05:30,2.5,2.7,2.5,2.7,4977
2026-02-12T12:24:00+05:30,2.65,2.7,2.65,2.65,2802
2026-02-12T12:25:00+05:30,2.7,2.85,2.7,2.75,5241
2026-02-12T12:26:00+05:30,2.8,2.8,2.7,2.75,5461
2026-02-12T12:27:00+05:30,2.75,2.75,2.6,2.6,2404
2026-02-12T12:28:00+05:30,2.65,2.7,2.6,2.7,4640
2026-02-12T12:29:00+05:30,2.7,2.95,2.65,2.95,3270
2026-02-12T12:30:00+05:30,2.95,3.0,2.85,2.95,4415
2026-02-12T12:31:00+05:30,2.9,3.0,2.75,2.9,6610
2026-02-12T12:32:00+05:30,2.9,3.0,2.8,2.8,4071
2026-02-12T12:33:00+05:30,2.8,3.0,2.75,2.95,5777
2026-02-12T12:34:00+05:30,3.0,3.0,2.85,3.0,6460
2026-02-12T12:35:00+05:30,2.95,3.0,2.85,2.9,3741
2026-02-12T12:36:00+05:30,2.95,3.0,2.85,3.0,5061
2026-02-12T12:37:00+05:30,3.0,3.0,2.95,2.95,4400
2026-02-12T12:38:00+05:30,2.95,3.0,2.9,2.9,2050
2026-02-12T12:39:00+05:30,2.9,3.05,2.9,3.0,3359
2026-02-12T12:40:00+05:30,3.05,3.05,2.9,2.95,3424
2026-02-12T12:41:00+05:30,3.0,3.05,2.95,2.95,2997
2026-02-12T12:42:00+05:30,2.95,3.0,2.85,2.9,3042
2026-02-12T12:43:00+05:30,2.95,2.95,2.65,2.75,4617
2026-02-12T12:44:00+05:30,2.7,2.75,2.6,2.65,4055
2026-02-12T12:45:00+05:30,2.7,2.7,2.55,2.6,4692
2026-02-12T12:46:00+05:30,2.6,2.95,2.55,2.9,5741
2026-02-12T12:47:00+05:30,2.95,3.15,2.95,3.05,7756
2026-02-12T12:48:00+05:30,3.1,3.1,2.95,3.05,7860
2026-02-12T12:49:00+05:30,2.95,3.1,2.9,3.1,5069
2026-02-12T12:50:00+05:30,3.1,3.1,2.95,3.0,6433
2026-02-12T12:51:00+05:30,3.0,3.1,2.95,2.95,4648
2026-02-12T12:52:00+05:30,3.0,3.15,2.9,2.95,7752
2026-02-12T12:53:00+05:30,2.95,3.15,2.95,3.0,4446
2026-02-12T12:54:00+05:30,3.05,3.15,3.0,3.05,1927
2026-02-12T12:55:00+05:30,3.05,3.2,3.05,3.15,3953
2026-02-12T12:56:00+05:30,3.15,3.2,3.05,3.15,3996
2026-02-12T12:57:00+05:30,3.15,3.15,2.9,2.9,6160
2026-02-12T12:58:00+05:30,2.95,2.95,2.55,2.55,15570
2026-02-12T12:59:00+05:30,2.6,2.85,2.55,2.85,7946
2026-02-12T13:00:00+05:30,2.9,3.0,2.75,3.0,7831
2026-02-12T13:01:00+05:30,2.95,3.05,2.9,2.95,6568
2026-02-12T13:02:00+05:30,2.95,2.95,2.7,2.8,6971
2026-02-12T13:03:00+05:30,2.8,2.85,2.7,2.75,4887
2026-02-12T13:04:00+05:30,2.75,3.15,2.75,3.05,8351
2026-02-12T13:05:00+05:30,3.05,3.15,3.0,3.05,5864
2026-02-12T13:06:00+05:30,3.05,3.1,2.85,2.9,4919
2026-02-12T13:07:00+05:30,2.9,3.2,2.9,3.1,5198
2026-02-12T13:08:00+05:30,3.1,3.15,2.85,2.85,5303
2026-02-12T13:09:00+05:30,2.9,2.9,2.65,2.8,6538
2026-02-12T13:10:00+05:30,2.8,3.0,2.8,2.9,5602
2026-02-12T13:11:00+05:30,2.9,3.1,2.85,3.1,4754
2026-02-12T13:12:00+05:30,3.05,3.1,2.85,2.95,8445
2026-02-12T13:13:00+05:30,2.85,3.0,2.75,2.75,6714
2026-02-12T13:14:00+05:30,2.75,2.95,2.7,2.85,6714
2026-02-12T13:15:00+05:30,2.85,3.15,2.8,3.1,7828
2026-02-12T13:16:00+05:30,3.1,3.15,2.65,2.75,8123
2026-02-12T13:17:00+05:30,2.7,2.85,2.6,2.7,6270
2026-02-12T13:18:00+05:30,2.7,2.7,2.1,2.15,8294
2026-02-12T13:19:00+05:30,2.2,2.25,2.0,2.15,9520
2026-02-12T13:20:00+05:30,2.15,2.3,2.05,2.3,14722
2026-02-12T13:21:00+05:30,2.25,2.25,2.1,2.15,8587
2026-02-12T13:22:00+05:30,2.15,2.2,2.05,2.15,8904
2026-02-12T13:23:00+05:30,2.15,2.15,2.0,2.0,6105
2026-02-12T13:24:00+05:30,2.0,2.05,1.8,1.95,11323
2026-02-12T13:25:00+05:30,2.05,2.05,1.8,1.85,11208
2026-02-12T13:26:00+05:30,1.85,2.0,1.8,1.9,10379
2026-02-12T13:27:00+05:30,1.95,2.05,1.85,2.05,17952
2026-02-12T13:28:00+05:30,2.05,2.4,2.05,2.3,12548
2026-02-12T13:29:00+05:30,2.35,2.35,2.15,2.2,9945
2026-02-12T13:30:00+05:30,2.25,2.25,1.95,2.1,14350
2026-02-12T13:31:00+05:30,2.15,2.3,2.05,2.15,6592
2026-02-12T13:32:00+05:30,2.15,2.2,1.95,2.05,11458
2026-02-12T13:33:00+05:30,2.0,2.05,1.8,1.85,13827
2026-02-12T13:34:00+05:30,1.85,1.95,1.8,1.8,6372
2026-02-12T13:35:00+05:30,1.85,1.95,1.75,1.85,12860
2026-02-12T13:36:00+05:30,1.9,1.9,1.6,1.65,8497
2026-02-12T13:37:00+05:30,1.6,1.7,1.45,1.5,5913
2026-02-12T13:38:00+05:30,1.5,1.5,1.25,1.4,14111
2026-02-12T13:39:00+05:30,1.4,1.5,1.3,1.35,10272
2026-02-12T13:40:00+05:30,1.35,1.45,1.3,1.35,6897
2026-02-12T13:41:00+05:30,1.4,1.5,1.35,1.4,9890
2026-02-12T13:42:00+05:30,1.35,1.45,1.3,1.4,7681
2026-02-12T13:43:00+05:30,1.4,1.6,1.3,1.5,12771
2026-02-12T13:44:00+05:30,1.5,1.6,1.4,1.4,5365
2026-02-12T13:45:00+05:30,1.4,1.5,1.4,1.45,8955
2026-02-12T13:46:00+05:30,1.45,1.45,1.35,1.4,8472
2026-02-12T13:47:00+05:30,1.35,1.4,1.25,1.3,8254
2026-02-12T13:48:00+05:30,1.3,1.35,1.1,1.1,9213
2026-02-12T13:49:00+05:30,1.15,1.2,1.0,1.0,10563
2026-02-12T13:50:00+05:30,1.05,1.3,1.05,1.2,15080
2026-02-12T13:51:00+05:30,1.2,1.3,1.15,1.25,15462
2026-02-12T13:52:00+05:30,1.3,1.35,1.2,1.3,9814
2026-02-12T13:53:00+05:30,1.3,1.45,1.25,1.45,5020
2026-02-12T13:54:00+05:30,1.45,1.45,1.35,1.35,3879
2026-02-12T13:55:00+05:30,1.35,1.5,1.35,1.5,5011
2026-02-12T13:56:00+05:30,1.5,1.55,1.4,1.5,5444
2026-02-12T13:57:00+05:30,1.55,1.65,1.45,1.55,4693
2026-02-12T13:58:00+05:30,1.6,1.7,1.55,1.65,5312
2026-02-12T13:59:00+05:30,1.65,1.8,1.65,1.75,3493
2026-02-12T14:00:00+05:30,1.75,1.9,1.75,1.85,6355
2026-02-12T14:01:00+05:30,1.9,1.9,1.5,1.55,12097
2026-02-12T14:02:00+05:30,1.55,1.65,1.55,1.6,4223
2026-02-12T14:03:00+05:30,1.6,1.8,1.6,1.65,5749
2026-02-12T14:04:00+05:30,1.7,1.8,1.65,1.8,5434
2026-02-12T14:05:00+05:30,1.8,1.85,1.65,1.8,5075
2026-02-12T14:06:00+05:30,1.85,1.85,1.65,1.7,5699
2026-02-12T14:07:00+05:30,1.7,1.8,1.7,1.75,7649
2026-02-12T14:08:00+05:30,1.8,1.85,1.7,1.75,5102
2026-02-12T14:09:00+05:30,1.85,1.85,1.65,1.7,6673
2026-02-12T14:10:00+05:30,1.65,1.85,1.65,1.8,5091
2026-02-12T14:11:00+05:30,1.8,1.85,1.45,1.55,12089
2026-02-12T14:12:00+05:30,1.5,1.5,1.35,1.5,6392
2026-02-12T14:13:00+05:30,1.45,1.65,1.45,1.65,6480
2026-02-12T14:14:00+05:30,1.65,1.75,1.5,1.65,8494
2026-02-12T14:15:00+05:30,1.6,1.65,1.55,1.65,6113
2026-02-12T14:16:00+05:30,1.65,1.8,1.6,1.65,5892
2026-02-12T14:17:00+05:30,1.6,1.85,1.6,1.7,9405
2026-02-12T14:18:00+05:30,1.7,1.75,1.55,1.7,5508
2026-02-12T14:19:00+05:30,1.7,1.7,1.45,1.55,13021
2026-02-12T14:20:00+05:30,1.55,1.75,1.4,1.55,8075
2026-02-12T14:21:00+05:30,1.5,1.8,1.5,1.75,13303
2026-02-12T14:22:00+05:30,1.8,1.8,1.4,1.65,13770
2026-02-12T14:23:00+05:30,1.65,1.65,1.3,1.6,18100
2026-02-12T14:24:00+05:30,1.55,1.8,1.55,1.65,13001
2026-02-12T14:25:00+05:30,1.65,1.75,1.5,1.55,9639
2026-02-12T14:26:00+05:30,1.5,1.65,1.3,1.4,11469
2026-02-12T14:27:00+05:30,1.4,1.6,1.35,1.5,10631
2026-02-12T14:28:00+05:30,1.5,1.75,1.45,1.6,10030
2026-02-12T14:29:00+05:30,1.65,1.75,1.5,1.5,14306
2026-02-12T14:30:00+05:30,1.55,1.85,1.55,1.8,11636
2026-02-12T14:31:00+05:30,1.8,1.85,1.7,1.8,9220
2026-02-12T14:32:00+05:30,1.75,1.85,1.75,1.8,7215
2026-02-12T14:33:00+05:30,1.75,1.85,1.75,1.8,7140
2026-02-12T14:34:00+05:30,1.75,1.9,1.75,1.8,4911
2026-02-12T14:35:00+05:30,1.85,1.9,1.45,1.5,9359
2026-02-12T14:36:00+05:30,1.4,1.45,1.15,1.2,11672
2026-02-12T14:37:00+05:30,1.2,1.25,1.05,1.15,10776
2026-02-12T14:38:00+05:30,1.2,1.25,1.0,1.05,19215
2026-02-12T14:39:00+05:30,1.1,1.15,0.85,1.15,16879
2026-02-12T14:40:00+05:30,1.1,1.25,1.0,1.25,12373
2026-02-12T14:41:00+05:30,1.25,1.65,1.2,1.6,13252
2026-02-12T14:42:00+05:30,1.65,1.65,1.15,1.15,13186
2026-02-12T14:43:00+05:30,1.2,1.25,1.0,1.1,14672
2026-02-12T14:44:00+05:30,1.1,1.25,1.05,1.1,22074
2026-02-12T14:45:00+05:30,1.1,1.15,1.0,1.05,14122
2026-02-12T14:46:00+05:30,1.1,1.2,0.9,0.9,16138
2026-02-12T14:47:00+05:30,0.9,1.0,0.65,0.85,35694
2026-02-12T14:48:00+05:30,0.8,1.0,0.75,0.9,31355
2026-02-12T14:49:00+05:30,0.8,0.9,0.7,0.85,34616
2026-02-12T14:50:00+05:30,0.85,1.1,0.8,1.1,23880
2026-02-12T14:51:00+05:30,1.05,1.1,0.9,1.05,20745
2026-02-12T14:52:00+05:30,1.0,1.1,0.95,1.1,13629
2026-02-12T14:53:00+05:30,1.05,1.25,1.0,1.2,16939
2026-02-12T14:54:00+05:30,1.2,1.25,1.15,1.25,8757
2026-02-12T14:55:00+05:30,1.25,1.35,1.15,1.2,13519
2026-02-12T14:56:00+05:30,1.25,1.3,1.15,1.2,7861
2026-02-12T14:57:00+05:30,1.2,1.35,1.15,1.3,5204
2026-02-12T14:58:00+05:30,1.25,1.6,1.25,1.6,9791
2026-02-12T14:59:00+05:30,1.6,1.6,1.1,1.25,17063
2026-02-12T15:00:00+05:30,1.25,1.45,1.25,1.3,10481
2026-02-12T15:01:00+05:30,1.25,1.45,1.2,1.3,19352
2026-02-12T15:02:00+05:30,1.3,1.4,1.1,1.35,23463
2026-02-12T15:03:00+05:30,1.3,1.6,0.45,1.05,50957
2026-02-12T15:04:00+05:30,1.15,1.95,0.95,1.55,60433
2026-02-12T15:05:00+05:30,1.8,2.3,0.95,0.95,41349
2026-02-12T15:06:00+05:30,1.0,1.05,0.55,0.65,25208
2026-02-12T15:07:00+05:30,0.65,0.65,0.45,0.5,13890
2026-02-12T15:08:00+05:30,0.5,0.55,0.4,0.45,12388
2026-02-12T15:09:00+05:30,0.45,0.45,0.25,0.35,16729
2026-02-12T15:10:00+05:30,0.3,0.3,0.15,0.2,13464
2026-02-12T15:11:00+05:30,0.15,0.2,0.15,0.15,10918
2026-02-12T15:12:00+05:30,0.15,0.2,0.1,0.15,10242
2026-02-12T15:13:00+05:30,0.1,0.15,0.1,0.1,4917
2026-02-12T15:14:00+05:30,0.15,0.15,0.05,0.1,21484
2026-02-12T15:15:00+05:30,0.05,0.1,0.05,0.1,13413
2026-02-12T15:16:00+05:30,0.1,0.15,0.05,0.05,21908
2026-02-12T15:17:00+05:30,0.1,0.1,0.05,0.1,5850
2026-02-12T15:18:00+05:30,0.05,0.1,0.05,0.05,4128
2026-02-12T15:19:00+05:30,0.05,0.1,0.05,0.05,2215
2026-02-12T15:20:00+05:30,0.1,0.1,0.05,0.05,4930
2026-02-12T15:21:00+05:30,0.05,0.1,0.05,0.1,3933
2026-02-12T15:22:00+05:30,0.1,0.1,0.05,0.05,3064
2026-02-12T15:23:00+05:30,0.05,0.1,0.05,0.05,12109
2026-02-12T15:24:00+05:30,0.05,0.1,0.05,0.05,9877
2026-02-12T15:25:00+05:30,0.05,0.05,0.05,0.05,3937
2026-02-12T15:26:00+05:30,0.05,0.05,0.05,0.05,612
2026-02-12T15:27:00+05:30,0.05,0.05,0.05,0.05,954
2026-02-12T15:28:00+05:30,0.05,0.05,0.05,0.05,796
2026-02-12T15:29:00+05:30,0.05,0.05,0.05,0.05,855
